1, badlands, minecraft:badlands, MONSTER, minecraft:spider, 80, 4, 4
2, badlands, minecraft:badlands, MONSTER, minecraft:zombie, 80, 4, 4
3, badlands, minecraft:badlands, MONSTER, minecraft:zombie_villager, 10, 1, 1
4, badlands, minecraft:badlands, MONSTER, minecraft:skeleton, 80, 4, 4
5, badlands, minecraft:badlands, MONSTER, minecraft:slime, 80, 4, 4
6, badlands, minecraft:badlands, MONSTER, minecraft:witch, 10, 1, 1
7, badlands, minecraft:badlands, MONSTER, creeperoverhaul:badlands_creeper, 75, 2, 2
8, badlands, minecraft:badlands, MONSTER, endermanoverhaul:badlands_enderman, 10, 1, 4
9, badlands, minecraft:badlands, MONSTER, rottencreatures:undead_miner, 20, 1, 4
10, badlands, minecraft:badlands, MONSTER, creeperoverhaul:cave_creeper, 75, 2, 2
11, badlands, minecraft:badlands, MONSTER, endermanoverhaul:cave_enderman, 10, 1, 2
12, badlands, minecraft:badlands, CREATURE, naturalist:rattlesnake, 10, 1, 1
13, badlands, minecraft:badlands, CREATURE, naturalist:vulture, 15, 2, 4
14, badlands, minecraft:badlands, AMBIENT, minecraft:bat, 10, 8, 8
15, badlands, minecraft:badlands, UNDERGROUND_WATER_CREATURE, minecraft:glow_squid, 10, 4, 6
16, badlands, minecraft:badlands, HYBRID_AQUATIC_RIVER_FISH, hybrid-aquatic:pupfish, 10, 0, 1
17, jungle, minecraft:bamboo_jungle, MONSTER, minecraft:spider, 80, 4, 4
18, jungle, minecraft:bamboo_jungle, MONSTER, minecraft:zombie, 80, 4, 4
19, jungle, minecraft:bamboo_jungle, MONSTER, minecraft:zombie_villager, 10, 1, 1
20, jungle, minecraft:bamboo_jungle, MONSTER, minecraft:skeleton, 80, 4, 4
21, jungle, minecraft:bamboo_jungle, MONSTER, minecraft:slime, 80, 4, 4
22, jungle, minecraft:bamboo_jungle, MONSTER, minecraft:enderman, 10, 1, 4
23, jungle, minecraft:bamboo_jungle, MONSTER, minecraft:witch, 10, 1, 1
24, jungle, minecraft:bamboo_jungle, MONSTER, minecraft:ocelot, 10, 1, 1
25, jungle, minecraft:bamboo_jungle, MONSTER, creeperoverhaul:bamboo_creeper, 75, 2, 2
26, jungle, minecraft:bamboo_jungle, MONSTER, rottencreatures:undead_miner, 20, 1, 4
27, jungle, minecraft:bamboo_jungle, MONSTER, creeperoverhaul:cave_creeper, 75, 2, 2
28, jungle, minecraft:bamboo_jungle, MONSTER, creeperoverhaul:jungle_creeper, 75, 2, 2
29, jungle, minecraft:bamboo_jungle, CREATURE, minecraft:sheep, 12, 4, 4
30, jungle, minecraft:bamboo_jungle, CREATURE, minecraft:pig, 10, 4, 4
31, jungle, minecraft:bamboo_jungle, CREATURE, minecraft:chicken, 10, 4, 4
32, jungle, minecraft:bamboo_jungle, CREATURE, minecraft:cow, 10, 4, 4
33, jungle, minecraft:bamboo_jungle, CREATURE, minecraft:chicken, 10, 4, 4
34, jungle, minecraft:bamboo_jungle, CREATURE, minecraft:parrot, 40, 1, 2
35, jungle, minecraft:bamboo_jungle, CREATURE, minecraft:panda, 80, 1, 2
36, jungle, minecraft:bamboo_jungle, CREATURE, naturalist:coral_snake, 10, 1, 1
37, jungle, minecraft:bamboo_jungle, CREATURE, naturalist:hippo, 15, 3, 4
38, jungle, minecraft:bamboo_jungle, CREATURE, naturalist:lizard, 15, 1, 2
39, jungle, minecraft:bamboo_jungle, CREATURE, naturalist:tortoise, 10, 1, 3
40, jungle, minecraft:bamboo_jungle, AMBIENT, minecraft:bat, 10, 8, 8
41, jungle, minecraft:bamboo_jungle, UNDERGROUND_WATER_CREATURE, minecraft:glow_squid, 10, 4, 6
42, jungle, minecraft:bamboo_jungle, HYBRID_AQUATIC_RIVER_FISH, hybrid-aquatic:african_butterflyfish, 10, 1, 1
43, jungle, minecraft:bamboo_jungle, HYBRID_AQUATIC_RIVER_FISH, hybrid-aquatic:danio, 10, 2, 3
44, jungle, minecraft:bamboo_jungle, HYBRID_AQUATIC_RIVER_FISH, hybrid-aquatic:discus, 10, 1, 1
45, jungle, minecraft:bamboo_jungle, HYBRID_AQUATIC_RIVER_FISH, hybrid-aquatic:golden_dorado, 10, 1, 1
46, jungle, minecraft:bamboo_jungle, HYBRID_AQUATIC_RIVER_FISH, hybrid-aquatic:gourami, 10, 1, 1
47, jungle, minecraft:bamboo_jungle, HYBRID_AQUATIC_RIVER_FISH, hybrid-aquatic:oscar, 10, 1, 1
48, jungle, minecraft:bamboo_jungle, HYBRID_AQUATIC_RIVER_FISH, hybrid-aquatic:piranha, 10, 4, 8
49, jungle, minecraft:bamboo_jungle, HYBRID_AQUATIC_RIVER_FISH, hybrid-aquatic:pleco, 10, 1, 2
50, jungle, minecraft:bamboo_jungle, HYBRID_AQUATIC_RIVER_FISH, hybrid-aquatic:tetra, 10, 2, 3
51, jungle, minecraft:bamboo_jungle, HYBRID_AQUATIC_RIVER_FISH, hybrid-aquatic:tiger_barb, 10, 2, 3
52, jungle, minecraft:bamboo_jungle, HYBRID_AQUATIC_CRUSTACEAN, hybrid-aquatic:vampire_crab, 10, 1, 2
53, nether, minecraft:basalt_deltas, MONSTER, minecraft:ghast, 40, 1, 1
54, nether, minecraft:basalt_deltas, MONSTER, minecraft:magma_cube, 80, 2, 5
55, nether, minecraft:basalt_deltas, MONSTER, minecraft:zombified_piglin, 10, 1, 4
56, nether, minecraft:basalt_deltas, CREATURE, minecraft:strider, 60, 1, 2
57, beach, minecraft:beach, MONSTER, minecraft:spider, 80, 4, 4
58, beach, minecraft:beach, MONSTER, minecraft:zombie, 80, 4, 4
59, beach, minecraft:beach, MONSTER, minecraft:zombie_villager, 10, 1, 1
60, beach, minecraft:beach, MONSTER, minecraft:skeleton, 80, 4, 4
61, beach, minecraft:beach, MONSTER, minecraft:slime, 80, 4, 4
62, beach, minecraft:beach, MONSTER, minecraft:enderman, 10, 1, 4
63, beach, minecraft:beach, MONSTER, minecraft:witch, 10, 1, 1
64, beach, minecraft:beach, MONSTER, creeperoverhaul:beach_creeper, 75, 2, 2
65, beach, minecraft:beach, MONSTER, rottencreatures:undead_miner, 20, 1, 4
66, beach, minecraft:beach, MONSTER, rottencreatures:dead_beard, 10, 1, 1
67, beach, minecraft:beach, MONSTER, creeperoverhaul:cave_creeper, 75, 2, 2
68, beach, minecraft:beach, CREATURE, minecraft:turtle, 10, 2, 5
69, beach, minecraft:beach, CREATURE, naturalist:coral_snake, 10, 1, 1
70, beach, minecraft:beach, CREATURE, pesky_seagulls:seagull, 20, 3, 5
71, beach, minecraft:beach, AMBIENT, minecraft:bat, 10, 8, 8
72, beach, minecraft:beach, UNDERGROUND_WATER_CREATURE, minecraft:glow_squid, 10, 4, 6
73, beach, minecraft:beach, HYBRID_AQUATIC_JELLY, hybrid-aquatic:box_jellyfish, 10, 1, 1
74, beach, minecraft:beach, HYBRID_AQUATIC_JELLY, hybrid-aquatic:moon_jellyfish, 10, 2, 5
75, beach, minecraft:beach, HYBRID_AQUATIC_CRUSTACEAN, hybrid-aquatic:coconut_crab, 10, 1, 2
76, beach, minecraft:beach, HYBRID_AQUATIC_CRUSTACEAN, hybrid-aquatic:dungeness_crab, 10, 1, 2
77, beach, minecraft:beach, HYBRID_AQUATIC_CRUSTACEAN, hybrid-aquatic:ghost_crab, 10, 1, 2
78, beach, minecraft:beach, HYBRID_AQUATIC_CRUSTACEAN, hybrid-aquatic:hermit_crab, 10, 1, 2
79, beach, minecraft:beach, HYBRID_AQUATIC_CRUSTACEAN, hybrid-aquatic:horseshoe_crab, 10, 1, 2
80, beach, minecraft:beach, HYBRID_AQUATIC_CRITTER, hybrid-aquatic:starfish, 10, 0, 2
81, beach, minecraft:beach, HYBRID_AQUATIC_MAMMAL, hybrid-aquatic:otter, 10, 0, 2
82, forest, minecraft:birch_forest, MONSTER, minecraft:spider, 80, 4, 4
83, forest, minecraft:birch_forest, MONSTER, minecraft:zombie, 80, 4, 4
84, forest, minecraft:birch_forest, MONSTER, minecraft:zombie_villager, 10, 1, 1
85, forest, minecraft:birch_forest, MONSTER, minecraft:skeleton, 80, 4, 4
86, forest, minecraft:birch_forest, MONSTER, minecraft:creeper, 80, 4, 4
87, forest, minecraft:birch_forest, MONSTER, minecraft:slime, 80, 4, 4
88, forest, minecraft:birch_forest, MONSTER, minecraft:enderman, 10, 1, 4
89, forest, minecraft:birch_forest, MONSTER, minecraft:witch, 10, 1, 1
90, forest, minecraft:birch_forest, MONSTER, rottencreatures:undead_miner, 20, 1, 4
91, forest, minecraft:birch_forest, CREATURE, minecraft:sheep, 12, 4, 4
92, forest, minecraft:birch_forest, CREATURE, minecraft:pig, 10, 4, 4
93, forest, minecraft:birch_forest, CREATURE, minecraft:chicken, 10, 4, 4
94, forest, minecraft:birch_forest, CREATURE, minecraft:cow, 10, 4, 4
95, forest, minecraft:birch_forest, CREATURE, naturalist:bear, 10, 1, 2
96, forest, minecraft:birch_forest, CREATURE, naturalist:boar, 15, 4, 4
97, forest, minecraft:birch_forest, CREATURE, naturalist:cardinal, 10, 1, 4
98, forest, minecraft:birch_forest, CREATURE, naturalist:deer, 10, 1, 3
99, forest, minecraft:birch_forest, CREATURE, naturalist:finch, 10, 1, 4
100, forest, minecraft:birch_forest, CREATURE, minecraft:fox, 10, 2, 4
101, forest, minecraft:birch_forest, CREATURE, naturalist:lizard, 15, 1, 2
102, forest, minecraft:birch_forest, CREATURE, minecraft:rabbit, 10, 2, 3
103, forest, minecraft:birch_forest, CREATURE, naturalist:robin, 10, 1, 4
104, forest, minecraft:birch_forest, CREATURE, naturalist:snail, 10, 1, 3
105, forest, minecraft:birch_forest, CREATURE, naturalist:snake, 10, 1, 1
106, forest, minecraft:birch_forest, AMBIENT, minecraft:bat, 10, 8, 8
107, forest, minecraft:birch_forest, UNDERGROUND_WATER_CREATURE, minecraft:glow_squid, 10, 4, 6
108, private, spectrum:black_langast, MONSTER, spectrum:eraser, 50, 4, 8
109, private, spectrum:black_langast, MONSTER, minecraft:zombie, 80, 4, 4
110, private, spectrum:black_langast, MONSTER, minecraft:skeleton, 80, 4, 4
111, private, spectrum:black_langast, MONSTER, minecraft:creeper, 80, 4, 4
112, private, spectrum:black_langast, MONSTER, minecraft:stray, 25, 4, 8
113, private, spectrum:black_langast, AMBIENT, minecraft:bat, 10, 8, 8
114, extreme_hills, minecraft:cherry_grove, MONSTER, minecraft:spider, 80, 4, 4
115, extreme_hills, minecraft:cherry_grove, MONSTER, minecraft:zombie, 80, 4, 4
116, extreme_hills, minecraft:cherry_grove, MONSTER, minecraft:zombie_villager, 10, 1, 1
117, extreme_hills, minecraft:cherry_grove, MONSTER, minecraft:skeleton, 80, 4, 4
118, extreme_hills, minecraft:cherry_grove, MONSTER, minecraft:slime, 80, 4, 4
119, extreme_hills, minecraft:cherry_grove, MONSTER, minecraft:witch, 10, 1, 1
120, extreme_hills, minecraft:cherry_grove, MONSTER, rottencreatures:undead_miner, 20, 1, 4
121, extreme_hills, minecraft:cherry_grove, MONSTER, creeperoverhaul:cave_creeper, 75, 2, 2
122, extreme_hills, minecraft:cherry_grove, MONSTER, endermanoverhaul:cave_enderman, 10, 1, 2
123, extreme_hills, minecraft:cherry_grove, MONSTER, endermanoverhaul:flower_fields_enderman, 10, 1, 2
124, extreme_hills, minecraft:cherry_grove, MONSTER, creeperoverhaul:hills_creeper, 75, 2, 2
125, extreme_hills, minecraft:cherry_grove, CREATURE, minecraft:pig, 10, 1, 2
126, extreme_hills, minecraft:cherry_grove, CREATURE, minecraft:rabbit, 10, 2, 6
127, extreme_hills, minecraft:cherry_grove, CREATURE, minecraft:sheep, 10, 2, 4
128, extreme_hills, minecraft:cherry_grove, CREATURE, naturalist:canary, 10, 1, 4
129, extreme_hills, minecraft:cherry_grove, CREATURE, naturalist:deer, 10, 1, 3
130, extreme_hills, minecraft:cherry_grove, CREATURE, naturalist:robin, 10, 1, 4
131, extreme_hills, minecraft:cherry_grove, CREATURE, naturalist:snail, 10, 1, 3
132, extreme_hills, minecraft:cherry_grove, CREATURE, naturalist:sparrow, 10, 1, 4
133, extreme_hills, minecraft:cherry_grove, AMBIENT, minecraft:bat, 10, 8, 8
134, extreme_hills, minecraft:cherry_grove, UNDERGROUND_WATER_CREATURE, minecraft:glow_squid, 10, 4, 6
135, extreme_hills, minecraft:cherry_grove, HYBRID_AQUATIC_RIVER_FISH, hybrid-aquatic:carp, 10, 0, 2
136, extreme_hills, minecraft:cherry_grove, HYBRID_AQUATIC_RIVER_FISH, hybrid-aquatic:goldfish, 10, 1, 2
137, ocean, minecraft:cold_ocean, MONSTER, minecraft:spider, 80, 4, 4
138, ocean, minecraft:cold_ocean, MONSTER, minecraft:zombie, 80, 4, 4
139, ocean, minecraft:cold_ocean, MONSTER, minecraft:zombie_villager, 10, 1, 1
140, ocean, minecraft:cold_ocean, MONSTER, minecraft:skeleton, 80, 4, 4
141, ocean, minecraft:cold_ocean, MONSTER, minecraft:creeper, 80, 4, 4
142, ocean, minecraft:cold_ocean, MONSTER, minecraft:slime, 80, 4, 4
143, ocean, minecraft:cold_ocean, MONSTER, minecraft:enderman, 10, 1, 4
144, ocean, minecraft:cold_ocean, MONSTER, minecraft:witch, 10, 1, 1
145, ocean, minecraft:cold_ocean, MONSTER, minecraft:drowned, 10, 1, 1
146, ocean, minecraft:cold_ocean, MONSTER, rottencreatures:undead_miner, 20, 1, 4
147, ocean, minecraft:cold_ocean, AMBIENT, minecraft:bat, 10, 8, 8
148, ocean, minecraft:cold_ocean, UNDERGROUND_WATER_CREATURE, minecraft:glow_squid, 10, 1, 1
149, ocean, minecraft:cold_ocean, WATER_CREATURE, minecraft:squid, 10, 1, 1
150, ocean, minecraft:cold_ocean, WATER_AMBIENT, minecraft:cod, 15, 3, 6
151, ocean, minecraft:cold_ocean, WATER_AMBIENT, minecraft:salmon, 15, 1, 5
152, ocean, minecraft:cold_ocean, HYBRID_AQUATIC_FISH, hybrid-aquatic:herring, 10, 4, 12
153, ocean, minecraft:cold_ocean, HYBRID_AQUATIC_FISH, hybrid-aquatic:mackerel, 10, 4, 12
154, ocean, minecraft:cold_ocean, HYBRID_AQUATIC_CEPHALOPOD, hybrid-aquatic:arrow_squid, 10, 1, 2
155, ocean, minecraft:cold_ocean, HYBRID_AQUATIC_JELLY, hybrid-aquatic:blue_jellyfish, 10, 1, 2
156, ocean, minecraft:cold_ocean, HYBRID_AQUATIC_JELLY, hybrid-aquatic:lions_mane_jellyfish, 10, 1, 1
157, ocean, minecraft:cold_ocean, HYBRID_AQUATIC_JELLY, hybrid-aquatic:nomura_jellyfish, 10, 1, 1
158, ocean, minecraft:cold_ocean, HYBRID_AQUATIC_SHARK, hybrid-aquatic:basking_shark, 10, 1, 1
159, ocean, minecraft:cold_ocean, HYBRID_AQUATIC_CRUSTACEAN, hybrid-aquatic:giant_isopod, 10, 1, 2
160, ocean, minecraft:cold_ocean, HYBRID_AQUATIC_CRUSTACEAN, hybrid-aquatic:spider_crab, 10, 1, 2
161, ocean, minecraft:cold_ocean, HYBRID_AQUATIC_CRITTER, hybrid-aquatic:sea_cucumber, 10, 1, 2
162, ocean, minecraft:cold_ocean, HYBRID_AQUATIC_CRITTER, hybrid-aquatic:sea_slug, 10, 0, 2
163, ocean, minecraft:cold_ocean, HYBRID_AQUATIC_CRITTER, hybrid-aquatic:sea_urchin, 10, 0, 2
164, ocean, minecraft:cold_ocean, HYBRID_AQUATIC_CRITTER, hybrid-aquatic:starfish, 10, 0, 2
165, nether, minecraft:crimson_forest, MONSTER, minecraft:zombified_piglin, 10, 2, 4
166, nether, minecraft:crimson_forest, MONSTER, minecraft:hoglin, 10, 3, 4
167, nether, minecraft:crimson_forest, MONSTER, minecraft:piglin, 10, 3, 4
168, nether, minecraft:crimson_forest, MONSTER, endermanoverhaul:crimson_forest_enderman, 10, 1, 2
169, nether, minecraft:crimson_forest, MONSTER, minecraft:ghast, 7, 4, 4
170, nether, minecraft:crimson_forest, CREATURE, minecraft:strider, 60, 1, 2
171, private, galosphere:crystal_canyons, MONSTER, minecraft:spider, 80, 4, 4
172, private, galosphere:crystal_canyons, MONSTER, minecraft:zombie, 80, 4, 4
173, private, galosphere:crystal_canyons, MONSTER, minecraft:zombie_villager, 10, 1, 1
174, private, galosphere:crystal_canyons, MONSTER, minecraft:skeleton, 80, 4, 4
175, private, galosphere:crystal_canyons, MONSTER, minecraft:creeper, 80, 4, 4
176, private, galosphere:crystal_canyons, MONSTER, minecraft:slime, 80, 4, 4
177, private, galosphere:crystal_canyons, MONSTER, minecraft:enderman, 10, 1, 4
178, private, galosphere:crystal_canyons, MONSTER, minecraft:witch, 10, 1, 1
179, private, galosphere:crystal_canyons, AMBIENT, minecraft:bat, 10, 8, 8
180, private, galosphere:crystal_canyons, UNDERGROUND_WATER_CREATURE, minecraft:glow_squid, 10, 4, 6
181, private, galosphere:crystal_canyons, UNDERGROUND_WATER_CREATURE, minecraft:glow_squid, 10, 4, 6
182, private, galosphere:crystal_canyons, UNDERGROUND_WATER_CREATURE, galosphere:sparkle, 10, 4, 6
183, private, spectrum:crystal_gardens, CREATURE, minecraft:sniffer, 10, 3, 4
184, private, spectrum:crystal_gardens, AMBIENT, minecraft:bat, 10, 8, 8
185, private, spectrum:crystal_gardens, AXOLOTLS, minecraft:axolotl, 10, 1, 2
186, private, spectrum:crystal_gardens, UNDERGROUND_WATER_CREATURE, minecraft:glow_squid, 10, 1, 2
187, forest, minecraft:dark_forest, MONSTER, minecraft:spider, 80, 4, 4
188, forest, minecraft:dark_forest, MONSTER, minecraft:zombie, 80, 4, 4
189, forest, minecraft:dark_forest, MONSTER, minecraft:zombie_villager, 10, 1, 1
190, forest, minecraft:dark_forest, MONSTER, minecraft:skeleton, 80, 4, 4
191, forest, minecraft:dark_forest, MONSTER, minecraft:slime, 80, 4, 4
192, forest, minecraft:dark_forest, MONSTER, minecraft:witch, 10, 1, 1
193, forest, minecraft:dark_forest, MONSTER, rottencreatures:undead_miner, 20, 1, 4
194, forest, minecraft:dark_forest, MONSTER, creeperoverhaul:cave_creeper, 75, 2, 2
195, forest, minecraft:dark_forest, MONSTER, endermanoverhaul:cave_enderman, 10, 1, 2
196, forest, minecraft:dark_forest, MONSTER, creeperoverhaul:dark_oak_creeper, 75, 2, 2
197, forest, minecraft:dark_forest, MONSTER, endermanoverhaul:dark_oak_enderman, 10, 1, 4
198, forest, minecraft:dark_forest, CREATURE, minecraft:sheep, 12, 4, 4
199, forest, minecraft:dark_forest, CREATURE, minecraft:pig, 10, 4, 4
200, forest, minecraft:dark_forest, CREATURE, minecraft:chicken, 10, 4, 4
201, forest, minecraft:dark_forest, CREATURE, minecraft:cow, 10, 4, 4
202, forest, minecraft:dark_forest, CREATURE, naturalist:bear, 10, 1, 2
203, forest, minecraft:dark_forest, CREATURE, naturalist:boar, 15, 4, 4
204, forest, minecraft:dark_forest, CREATURE, naturalist:cardinal, 10, 1, 4
205, forest, minecraft:dark_forest, CREATURE, naturalist:deer, 10, 1, 3
206, forest, minecraft:dark_forest, CREATURE, naturalist:finch, 10, 1, 4
207, forest, minecraft:dark_forest, CREATURE, minecraft:fox, 10, 2, 4
208, forest, minecraft:dark_forest, CREATURE, naturalist:lizard, 15, 1, 2
209, forest, minecraft:dark_forest, CREATURE, minecraft:rabbit, 10, 2, 3
210, forest, minecraft:dark_forest, CREATURE, naturalist:robin, 10, 1, 4
211, forest, minecraft:dark_forest, CREATURE, naturalist:snail, 10, 1, 3
212, forest, minecraft:dark_forest, CREATURE, naturalist:snake, 10, 1, 1
213, forest, minecraft:dark_forest, AMBIENT, minecraft:bat, 10, 8, 8
214, forest, minecraft:dark_forest, UNDERGROUND_WATER_CREATURE, minecraft:glow_squid, 10, 4, 6
215, private, spectrum:deep_barrens, MONSTER, minecraft:zombie, 80, 4, 4
216, private, spectrum:deep_barrens, MONSTER, minecraft:skeleton, 80, 4, 4
217, private, spectrum:deep_barrens, MONSTER, minecraft:creeper, 80, 4, 4
218, private, spectrum:deep_barrens, MONSTER, minecraft:stray, 25, 4, 8
219, private, spectrum:deep_barrens, MONSTER, minecraft:phantom, 10, 1, 2
220, private, spectrum:deep_barrens, AMBIENT, minecraft:bat, 10, 8, 8
221, ocean, minecraft:deep_cold_ocean, MONSTER, minecraft:spider, 80, 4, 4
222, ocean, minecraft:deep_cold_ocean, MONSTER, minecraft:zombie, 80, 4, 4
223, ocean, minecraft:deep_cold_ocean, MONSTER, minecraft:zombie_villager, 10, 1, 1
224, ocean, minecraft:deep_cold_ocean, MONSTER, minecraft:skeleton, 80, 4, 4
225, ocean, minecraft:deep_cold_ocean, MONSTER, minecraft:creeper, 80, 4, 4
226, ocean, minecraft:deep_cold_ocean, MONSTER, minecraft:slime, 80, 4, 4
227, ocean, minecraft:deep_cold_ocean, MONSTER, minecraft:enderman, 10, 1, 4
228, ocean, minecraft:deep_cold_ocean, MONSTER, minecraft:witch, 10, 1, 1
229, ocean, minecraft:deep_cold_ocean, MONSTER, minecraft:drowned, 10, 1, 1
230, ocean, minecraft:deep_cold_ocean, MONSTER, rottencreatures:undead_miner, 20, 1, 4
231, ocean, minecraft:deep_cold_ocean, AMBIENT, minecraft:bat, 10, 8, 8
232, ocean, minecraft:deep_cold_ocean, UNDERGROUND_WATER_CREATURE, minecraft:glow_squid, 10, 1, 1
233, ocean, minecraft:deep_cold_ocean, WATER_CREATURE, minecraft:squid, 10, 1, 1
234, ocean, minecraft:deep_cold_ocean, WATER_AMBIENT, minecraft:cod, 15, 3, 6
235, ocean, minecraft:deep_cold_ocean, WATER_AMBIENT, minecraft:salmon, 15, 1, 5
236, ocean, minecraft:deep_cold_ocean, HYBRID_AQUATIC_FISH, hybrid-aquatic:anglerfish, 10, 1, 2
237, ocean, minecraft:deep_cold_ocean, HYBRID_AQUATIC_FISH, hybrid-aquatic:mackerel, 10, 4, 12
238, ocean, minecraft:deep_cold_ocean, HYBRID_AQUATIC_FISH, hybrid-aquatic:ratfish, 10, 1, 3
239, ocean, minecraft:deep_cold_ocean, HYBRID_AQUATIC_FISH, hybrid-aquatic:sea_angel, 10, 1, 2
240, ocean, minecraft:deep_cold_ocean, HYBRID_AQUATIC_FISH, hybrid-aquatic:snailfish, 10, 1, 3
241, ocean, minecraft:deep_cold_ocean, HYBRID_AQUATIC_CEPHALOPOD, hybrid-aquatic:arrow_squid, 10, 1, 2
242, ocean, minecraft:deep_cold_ocean, HYBRID_AQUATIC_JELLY, hybrid-aquatic:big_red_jellyfish, 10, 1, 1
243, ocean, minecraft:deep_cold_ocean, HYBRID_AQUATIC_JELLY, hybrid-aquatic:blue_jellyfish, 10, 1, 2
244, ocean, minecraft:deep_cold_ocean, HYBRID_AQUATIC_JELLY, hybrid-aquatic:cosmic_jellyfish, 10, 1, 1
245, ocean, minecraft:deep_cold_ocean, HYBRID_AQUATIC_JELLY, hybrid-aquatic:crown_jellyfish, 10, 1, 1
246, ocean, minecraft:deep_cold_ocean, HYBRID_AQUATIC_JELLY, hybrid-aquatic:firework_jellyfish, 10, 1, 1
247, ocean, minecraft:deep_cold_ocean, HYBRID_AQUATIC_JELLY, hybrid-aquatic:lions_mane_jellyfish, 10, 1, 1
248, ocean, minecraft:deep_cold_ocean, HYBRID_AQUATIC_JELLY, hybrid-aquatic:mauve_stinger, 10, 1, 3
249, ocean, minecraft:deep_cold_ocean, HYBRID_AQUATIC_JELLY, hybrid-aquatic:nomura_jellyfish, 10, 1, 1
250, ocean, minecraft:deep_cold_ocean, HYBRID_AQUATIC_SHARK, hybrid-aquatic:basking_shark, 10, 1, 1
251, ocean, minecraft:deep_cold_ocean, HYBRID_AQUATIC_CRUSTACEAN, hybrid-aquatic:giant_isopod, 10, 1, 2
252, ocean, minecraft:deep_cold_ocean, HYBRID_AQUATIC_CRUSTACEAN, hybrid-aquatic:spider_crab, 10, 1, 2
253, ocean, minecraft:deep_cold_ocean, HYBRID_AQUATIC_CRUSTACEAN, hybrid-aquatic:yeti_crab, 10, 1, 2
254, ocean, minecraft:deep_cold_ocean, HYBRID_AQUATIC_CRITTER, hybrid-aquatic:sea_cucumber, 10, 1, 2
255, ocean, minecraft:deep_cold_ocean, HYBRID_AQUATIC_CRITTER, hybrid-aquatic:sea_cucumber, 10, 1, 2
256, ocean, minecraft:deep_cold_ocean, HYBRID_AQUATIC_CRITTER, hybrid-aquatic:sea_urchin, 10, 0, 2
257, ocean, minecraft:deep_cold_ocean, HYBRID_AQUATIC_CRITTER, hybrid-aquatic:sea_urchin, 10, 0, 2
258, ocean, minecraft:deep_cold_ocean, HYBRID_AQUATIC_CRITTER, hybrid-aquatic:starfish, 10, 0, 2
259, ocean, minecraft:deep_cold_ocean, HYBRID_AQUATIC_CRITTER, hybrid-aquatic:starfish, 10, 0, 2
260, private, minecraft:deep_dark, CREATURE, naturalist:snail, 10, 1, 3
261, private, minecraft:deep_dark, HYBRID_AQUATIC_RIVER_FISH, hybrid-aquatic:tetra, 10, 2, 3
262, private, spectrum:deep_dripstone_caves, MONSTER, minecraft:zombie, 80, 4, 4
263, private, spectrum:deep_dripstone_caves, MONSTER, minecraft:skeleton, 80, 4, 4
264, private, spectrum:deep_dripstone_caves, MONSTER, minecraft:drowned, 25, 4, 8
265, private, spectrum:deep_dripstone_caves, MONSTER, minecraft:slime, 10, 1, 3
266, private, spectrum:deep_dripstone_caves, AMBIENT, minecraft:bat, 10, 8, 8
267, private, spectrum:deep_dripstone_caves, WATER_AMBIENT, minecraft:cod, 15, 3, 6
268, private, spectrum:deep_dripstone_caves, WATER_AMBIENT, minecraft:salmon, 15, 1, 5
269, ocean, minecraft:deep_frozen_ocean, MONSTER, minecraft:spider, 80, 4, 4
270, ocean, minecraft:deep_frozen_ocean, MONSTER, minecraft:zombie, 80, 4, 4
271, ocean, minecraft:deep_frozen_ocean, MONSTER, minecraft:zombie_villager, 10, 1, 1
272, ocean, minecraft:deep_frozen_ocean, MONSTER, minecraft:skeleton, 80, 4, 4
273, ocean, minecraft:deep_frozen_ocean, MONSTER, minecraft:creeper, 80, 4, 4
274, ocean, minecraft:deep_frozen_ocean, MONSTER, minecraft:slime, 80, 4, 4
275, ocean, minecraft:deep_frozen_ocean, MONSTER, minecraft:enderman, 10, 1, 4
276, ocean, minecraft:deep_frozen_ocean, MONSTER, minecraft:witch, 10, 1, 1
277, ocean, minecraft:deep_frozen_ocean, MONSTER, minecraft:drowned, 10, 1, 1
278, ocean, minecraft:deep_frozen_ocean, MONSTER, rottencreatures:undead_miner, 20, 1, 4
279, ocean, minecraft:deep_frozen_ocean, CREATURE, minecraft:polar_bear, 10, 1, 2
280, ocean, minecraft:deep_frozen_ocean, AMBIENT, minecraft:bat, 10, 8, 8
281, ocean, minecraft:deep_frozen_ocean, UNDERGROUND_WATER_CREATURE, minecraft:glow_squid, 10, 1, 1
282, ocean, minecraft:deep_frozen_ocean, WATER_CREATURE, minecraft:squid, 10, 1, 1
283, ocean, minecraft:deep_frozen_ocean, WATER_AMBIENT, minecraft:salmon, 15, 1, 5
284, ocean, minecraft:deep_frozen_ocean, HYBRID_AQUATIC_FISH, hybrid-aquatic:anglerfish, 10, 1, 2
285, ocean, minecraft:deep_frozen_ocean, HYBRID_AQUATIC_FISH, hybrid-aquatic:ratfish, 10, 1, 3
286, ocean, minecraft:deep_frozen_ocean, HYBRID_AQUATIC_FISH, hybrid-aquatic:sea_angel, 10, 1, 2
287, ocean, minecraft:deep_frozen_ocean, HYBRID_AQUATIC_FISH, hybrid-aquatic:snailfish, 10, 1, 3
288, ocean, minecraft:deep_frozen_ocean, HYBRID_AQUATIC_CEPHALOPOD, hybrid-aquatic:arrow_squid, 10, 1, 2
289, ocean, minecraft:deep_frozen_ocean, HYBRID_AQUATIC_JELLY, hybrid-aquatic:big_red_jellyfish, 10, 1, 1
290, ocean, minecraft:deep_frozen_ocean, HYBRID_AQUATIC_JELLY, hybrid-aquatic:cosmic_jellyfish, 10, 1, 1
291, ocean, minecraft:deep_frozen_ocean, HYBRID_AQUATIC_JELLY, hybrid-aquatic:crown_jellyfish, 10, 1, 1
292, ocean, minecraft:deep_frozen_ocean, HYBRID_AQUATIC_JELLY, hybrid-aquatic:firework_jellyfish, 10, 1, 1
293, ocean, minecraft:deep_frozen_ocean, HYBRID_AQUATIC_JELLY, hybrid-aquatic:lions_mane_jellyfish, 10, 1, 1
294, ocean, minecraft:deep_frozen_ocean, HYBRID_AQUATIC_JELLY, hybrid-aquatic:mauve_stinger, 10, 1, 3
295, ocean, minecraft:deep_frozen_ocean, HYBRID_AQUATIC_JELLY, hybrid-aquatic:nomura_jellyfish, 10, 1, 1
296, ocean, minecraft:deep_frozen_ocean, HYBRID_AQUATIC_SHARK, hybrid-aquatic:basking_shark, 10, 1, 1
297, ocean, minecraft:deep_frozen_ocean, HYBRID_AQUATIC_CRUSTACEAN, hybrid-aquatic:yeti_crab, 10, 1, 2
298, ocean, minecraft:deep_frozen_ocean, HYBRID_AQUATIC_CRITTER, hybrid-aquatic:sea_cucumber, 10, 1, 2
299, ocean, minecraft:deep_frozen_ocean, HYBRID_AQUATIC_CRITTER, hybrid-aquatic:sea_cucumber, 10, 1, 2
300, ocean, minecraft:deep_frozen_ocean, HYBRID_AQUATIC_CRITTER, hybrid-aquatic:sea_urchin, 10, 0, 2
301, ocean, minecraft:deep_frozen_ocean, HYBRID_AQUATIC_CRITTER, hybrid-aquatic:sea_urchin, 10, 0, 2
302, ocean, minecraft:deep_frozen_ocean, HYBRID_AQUATIC_CRITTER, hybrid-aquatic:starfish, 10, 0, 2
303, ocean, minecraft:deep_frozen_ocean, HYBRID_AQUATIC_CRITTER, hybrid-aquatic:starfish, 10, 0, 2
304, ocean, minecraft:deep_lukewarm_ocean, MONSTER, minecraft:spider, 80, 4, 4
305, ocean, minecraft:deep_lukewarm_ocean, MONSTER, minecraft:zombie, 80, 4, 4
306, ocean, minecraft:deep_lukewarm_ocean, MONSTER, minecraft:zombie_villager, 10, 1, 1
307, ocean, minecraft:deep_lukewarm_ocean, MONSTER, minecraft:skeleton, 80, 4, 4
308, ocean, minecraft:deep_lukewarm_ocean, MONSTER, minecraft:slime, 80, 4, 4
309, ocean, minecraft:deep_lukewarm_ocean, MONSTER, minecraft:enderman, 10, 1, 4
310, ocean, minecraft:deep_lukewarm_ocean, MONSTER, minecraft:witch, 10, 1, 1
311, ocean, minecraft:deep_lukewarm_ocean, MONSTER, minecraft:drowned, 10, 1, 1
312, ocean, minecraft:deep_lukewarm_ocean, MONSTER, rottencreatures:undead_miner, 20, 1, 4
313, ocean, minecraft:deep_lukewarm_ocean, MONSTER, creeperoverhaul:cave_creeper, 75, 2, 2
314, ocean, minecraft:deep_lukewarm_ocean, MONSTER, creeperoverhaul:ocean_creeper, 10, 1, 1
315, ocean, minecraft:deep_lukewarm_ocean, AMBIENT, minecraft:bat, 10, 8, 8
316, ocean, minecraft:deep_lukewarm_ocean, UNDERGROUND_WATER_CREATURE, minecraft:glow_squid, 10, 1, 1
317, ocean, minecraft:deep_lukewarm_ocean, WATER_CREATURE, minecraft:squid, 10, 1, 1
318, ocean, minecraft:deep_lukewarm_ocean, WATER_CREATURE, minecraft:dolphin, 10, 1, 2
319, ocean, minecraft:deep_lukewarm_ocean, WATER_AMBIENT, minecraft:cod, 10, 3, 6
320, ocean, minecraft:deep_lukewarm_ocean, WATER_AMBIENT, minecraft:pufferfish, 10, 1, 3
321, ocean, minecraft:deep_lukewarm_ocean, WATER_AMBIENT, minecraft:tropical_fish, 25, 8, 8
322, ocean, minecraft:deep_lukewarm_ocean, HYBRID_AQUATIC_FISH, hybrid-aquatic:anglerfish, 10, 1, 2
323, ocean, minecraft:deep_lukewarm_ocean, HYBRID_AQUATIC_FISH, hybrid-aquatic:barracuda, 10, 1, 1
324, ocean, minecraft:deep_lukewarm_ocean, HYBRID_AQUATIC_FISH, hybrid-aquatic:barreleye, 10, 1, 2
325, ocean, minecraft:deep_lukewarm_ocean, HYBRID_AQUATIC_FISH, hybrid-aquatic:coelacanth, 10, 1, 1
326, ocean, minecraft:deep_lukewarm_ocean, HYBRID_AQUATIC_FISH, hybrid-aquatic:damselfish, 10, 4, 12
327, ocean, minecraft:deep_lukewarm_ocean, HYBRID_AQUATIC_FISH, hybrid-aquatic:dragonfish, 10, 1, 2
328, ocean, minecraft:deep_lukewarm_ocean, HYBRID_AQUATIC_FISH, hybrid-aquatic:flashlight_fish, 10, 4, 12
329, ocean, minecraft:deep_lukewarm_ocean, HYBRID_AQUATIC_FISH, hybrid-aquatic:flying_fish, 10, 4, 12
330, ocean, minecraft:deep_lukewarm_ocean, HYBRID_AQUATIC_FISH, hybrid-aquatic:john_dory, 10, 1, 2
331, ocean, minecraft:deep_lukewarm_ocean, HYBRID_AQUATIC_FISH, hybrid-aquatic:mahi, 10, 1, 4
332, ocean, minecraft:deep_lukewarm_ocean, HYBRID_AQUATIC_FISH, hybrid-aquatic:manta_ray, 10, 1, 2
333, ocean, minecraft:deep_lukewarm_ocean, HYBRID_AQUATIC_FISH, hybrid-aquatic:needlefish, 10, 1, 4
334, ocean, minecraft:deep_lukewarm_ocean, HYBRID_AQUATIC_FISH, hybrid-aquatic:oarfish, 10, 1, 2
335, ocean, minecraft:deep_lukewarm_ocean, HYBRID_AQUATIC_FISH, hybrid-aquatic:ocean_sunfish, 10, 1, 2
336, ocean, minecraft:deep_lukewarm_ocean, HYBRID_AQUATIC_FISH, hybrid-aquatic:opah, 10, 1, 2
337, ocean, minecraft:deep_lukewarm_ocean, HYBRID_AQUATIC_FISH, hybrid-aquatic:ratfish, 10, 1, 3
338, ocean, minecraft:deep_lukewarm_ocean, HYBRID_AQUATIC_FISH, hybrid-aquatic:rockfish, 10, 1, 4
339, ocean, minecraft:deep_lukewarm_ocean, HYBRID_AQUATIC_FISH, hybrid-aquatic:sea_bass, 10, 1, 3
340, ocean, minecraft:deep_lukewarm_ocean, HYBRID_AQUATIC_FISH, hybrid-aquatic:seadragon, 10, 1, 2
341, ocean, minecraft:deep_lukewarm_ocean, HYBRID_AQUATIC_FISH, hybrid-aquatic:snailfish, 10, 1, 3
342, ocean, minecraft:deep_lukewarm_ocean, HYBRID_AQUATIC_FISH, hybrid-aquatic:squirrelfish, 10, 4, 12
343, ocean, minecraft:deep_lukewarm_ocean, HYBRID_AQUATIC_FISH, hybrid-aquatic:tuna, 10, 1, 4
344, ocean, minecraft:deep_lukewarm_ocean, HYBRID_AQUATIC_CEPHALOPOD, hybrid-aquatic:firefly_squid, 10, 1, 2
345, ocean, minecraft:deep_lukewarm_ocean, HYBRID_AQUATIC_CEPHALOPOD, hybrid-aquatic:nautilus, 10, 1, 1
346, ocean, minecraft:deep_lukewarm_ocean, HYBRID_AQUATIC_CEPHALOPOD, hybrid-aquatic:umbrella_octopus, 10, 1, 1
347, ocean, minecraft:deep_lukewarm_ocean, HYBRID_AQUATIC_CEPHALOPOD, hybrid-aquatic:vampire_squid, 10, 1, 1
348, ocean, minecraft:deep_lukewarm_ocean, HYBRID_AQUATIC_CEPHALOPOD, hybrid-aquatic:vampire_squid, 10, 1, 1
349, ocean, minecraft:deep_lukewarm_ocean, HYBRID_AQUATIC_JELLY, hybrid-aquatic:barrel_jellyfish, 10, 1, 2
350, ocean, minecraft:deep_lukewarm_ocean, HYBRID_AQUATIC_JELLY, hybrid-aquatic:big_red_jellyfish, 10, 1, 1
351, ocean, minecraft:deep_lukewarm_ocean, HYBRID_AQUATIC_JELLY, hybrid-aquatic:box_jellyfish, 10, 1, 1
352, ocean, minecraft:deep_lukewarm_ocean, HYBRID_AQUATIC_JELLY, hybrid-aquatic:cepheidae_jellyfish, 10, 1, 2
353, ocean, minecraft:deep_lukewarm_ocean, HYBRID_AQUATIC_JELLY, hybrid-aquatic:cosmic_jellyfish, 10, 1, 1
354, ocean, minecraft:deep_lukewarm_ocean, HYBRID_AQUATIC_JELLY, hybrid-aquatic:crown_jellyfish, 10, 1, 1
355, ocean, minecraft:deep_lukewarm_ocean, HYBRID_AQUATIC_JELLY, hybrid-aquatic:firework_jellyfish, 10, 1, 1
356, ocean, minecraft:deep_lukewarm_ocean, HYBRID_AQUATIC_JELLY, hybrid-aquatic:mauve_stinger, 10, 1, 3
357, ocean, minecraft:deep_lukewarm_ocean, HYBRID_AQUATIC_JELLY, hybrid-aquatic:sea_nettle, 10, 1, 4
358, ocean, minecraft:deep_lukewarm_ocean, HYBRID_AQUATIC_SHARK, hybrid-aquatic:bull_shark, 10, 1, 2
359, ocean, minecraft:deep_lukewarm_ocean, HYBRID_AQUATIC_SHARK, hybrid-aquatic:frilled_shark, 10, 1, 1
360, ocean, minecraft:deep_lukewarm_ocean, HYBRID_AQUATIC_SHARK, hybrid-aquatic:great_white_shark, 10, 1, 1
361, ocean, minecraft:deep_lukewarm_ocean, HYBRID_AQUATIC_SHARK, hybrid-aquatic:lantern_shark, 10, 1, 2
362, ocean, minecraft:deep_lukewarm_ocean, HYBRID_AQUATIC_SHARK, hybrid-aquatic:thresher_shark, 10, 1, 1
363, ocean, minecraft:deep_lukewarm_ocean, HYBRID_AQUATIC_SHARK, hybrid-aquatic:whale_shark, 10, 1, 1
364, ocean, minecraft:deep_lukewarm_ocean, HYBRID_AQUATIC_CRITTER, hybrid-aquatic:sea_cucumber, 10, 1, 2
365, ocean, minecraft:deep_lukewarm_ocean, HYBRID_AQUATIC_CRITTER, hybrid-aquatic:sea_cucumber, 10, 1, 2
366, ocean, minecraft:deep_lukewarm_ocean, HYBRID_AQUATIC_CRITTER, hybrid-aquatic:sea_slug, 10, 0, 2
367, ocean, minecraft:deep_lukewarm_ocean, HYBRID_AQUATIC_CRITTER, hybrid-aquatic:sea_urchin, 10, 0, 2
368, ocean, minecraft:deep_lukewarm_ocean, HYBRID_AQUATIC_CRITTER, hybrid-aquatic:sea_urchin, 10, 0, 2
369, ocean, minecraft:deep_lukewarm_ocean, HYBRID_AQUATIC_CRITTER, hybrid-aquatic:starfish, 10, 0, 2
370, ocean, minecraft:deep_lukewarm_ocean, HYBRID_AQUATIC_CRITTER, hybrid-aquatic:starfish, 10, 0, 2
371, ocean, minecraft:deep_ocean, MONSTER, minecraft:spider, 80, 4, 4
372, ocean, minecraft:deep_ocean, MONSTER, minecraft:zombie, 80, 4, 4
373, ocean, minecraft:deep_ocean, MONSTER, minecraft:zombie_villager, 10, 1, 1
374, ocean, minecraft:deep_ocean, MONSTER, minecraft:skeleton, 80, 4, 4
375, ocean, minecraft:deep_ocean, MONSTER, minecraft:creeper, 80, 4, 4
376, ocean, minecraft:deep_ocean, MONSTER, minecraft:slime, 80, 4, 4
377, ocean, minecraft:deep_ocean, MONSTER, minecraft:enderman, 10, 1, 4
378, ocean, minecraft:deep_ocean, MONSTER, minecraft:witch, 10, 1, 1
379, ocean, minecraft:deep_ocean, MONSTER, minecraft:drowned, 10, 1, 1
380, ocean, minecraft:deep_ocean, MONSTER, rottencreatures:undead_miner, 20, 1, 4
381, ocean, minecraft:deep_ocean, AMBIENT, minecraft:bat, 10, 8, 8
382, ocean, minecraft:deep_ocean, UNDERGROUND_WATER_CREATURE, minecraft:glow_squid, 10, 1, 1
383, ocean, minecraft:deep_ocean, WATER_CREATURE, minecraft:squid, 10, 1, 1
384, ocean, minecraft:deep_ocean, WATER_CREATURE, minecraft:dolphin, 10, 1, 2
385, ocean, minecraft:deep_ocean, WATER_AMBIENT, minecraft:cod, 10, 3, 6
386, ocean, minecraft:deep_ocean, HYBRID_AQUATIC_FISH, hybrid-aquatic:anglerfish, 10, 1, 2
387, ocean, minecraft:deep_ocean, HYBRID_AQUATIC_FISH, hybrid-aquatic:barreleye, 10, 1, 2
388, ocean, minecraft:deep_ocean, HYBRID_AQUATIC_FISH, hybrid-aquatic:coelacanth, 10, 1, 1
389, ocean, minecraft:deep_ocean, HYBRID_AQUATIC_FISH, hybrid-aquatic:dragonfish, 10, 1, 2
390, ocean, minecraft:deep_ocean, HYBRID_AQUATIC_FISH, hybrid-aquatic:john_dory, 10, 1, 2
391, ocean, minecraft:deep_ocean, HYBRID_AQUATIC_FISH, hybrid-aquatic:mackerel, 10, 4, 12
392, ocean, minecraft:deep_ocean, HYBRID_AQUATIC_FISH, hybrid-aquatic:manta_ray, 10, 1, 2
393, ocean, minecraft:deep_ocean, HYBRID_AQUATIC_FISH, hybrid-aquatic:oarfish, 10, 1, 2
394, ocean, minecraft:deep_ocean, HYBRID_AQUATIC_FISH, hybrid-aquatic:ocean_sunfish, 10, 1, 2
395, ocean, minecraft:deep_ocean, HYBRID_AQUATIC_FISH, hybrid-aquatic:opah, 10, 1, 2
396, ocean, minecraft:deep_ocean, HYBRID_AQUATIC_FISH, hybrid-aquatic:ratfish, 10, 1, 3
397, ocean, minecraft:deep_ocean, HYBRID_AQUATIC_FISH, hybrid-aquatic:sea_angel, 10, 1, 2
398, ocean, minecraft:deep_ocean, HYBRID_AQUATIC_FISH, hybrid-aquatic:snailfish, 10, 1, 3
399, ocean, minecraft:deep_ocean, HYBRID_AQUATIC_FISH, hybrid-aquatic:tuna, 10, 1, 4
400, ocean, minecraft:deep_ocean, HYBRID_AQUATIC_JELLY, hybrid-aquatic:big_red_jellyfish, 10, 1, 1
401, ocean, minecraft:deep_ocean, HYBRID_AQUATIC_JELLY, hybrid-aquatic:blue_jellyfish, 10, 1, 2
402, ocean, minecraft:deep_ocean, HYBRID_AQUATIC_JELLY, hybrid-aquatic:cosmic_jellyfish, 10, 1, 1
403, ocean, minecraft:deep_ocean, HYBRID_AQUATIC_JELLY, hybrid-aquatic:crown_jellyfish, 10, 1, 1
404, ocean, minecraft:deep_ocean, HYBRID_AQUATIC_JELLY, hybrid-aquatic:firework_jellyfish, 10, 1, 1
405, ocean, minecraft:deep_ocean, HYBRID_AQUATIC_JELLY, hybrid-aquatic:mauve_stinger, 10, 1, 3
406, ocean, minecraft:deep_ocean, HYBRID_AQUATIC_JELLY, hybrid-aquatic:sea_nettle, 10, 1, 4
407, ocean, minecraft:deep_ocean, HYBRID_AQUATIC_SHARK, hybrid-aquatic:basking_shark, 10, 1, 1
408, ocean, minecraft:deep_ocean, HYBRID_AQUATIC_SHARK, hybrid-aquatic:great_white_shark, 10, 1, 1
409, ocean, minecraft:deep_ocean, HYBRID_AQUATIC_SHARK, hybrid-aquatic:hammerhead_shark, 10, 1, 2
410, ocean, minecraft:deep_ocean, HYBRID_AQUATIC_SHARK, hybrid-aquatic:lantern_shark, 10, 1, 2
411, ocean, minecraft:deep_ocean, HYBRID_AQUATIC_SHARK, hybrid-aquatic:thresher_shark, 10, 1, 1
412, ocean, minecraft:deep_ocean, HYBRID_AQUATIC_CRUSTACEAN, hybrid-aquatic:giant_isopod, 10, 1, 2
413, ocean, minecraft:deep_ocean, HYBRID_AQUATIC_CRUSTACEAN, hybrid-aquatic:spider_crab, 10, 1, 2
414, ocean, minecraft:deep_ocean, HYBRID_AQUATIC_CRITTER, hybrid-aquatic:sea_cucumber, 10, 1, 2
415, ocean, minecraft:deep_ocean, HYBRID_AQUATIC_CRITTER, hybrid-aquatic:sea_cucumber, 10, 1, 2
416, ocean, minecraft:deep_ocean, HYBRID_AQUATIC_CRITTER, hybrid-aquatic:sea_urchin, 10, 0, 2
417, ocean, minecraft:deep_ocean, HYBRID_AQUATIC_CRITTER, hybrid-aquatic:sea_urchin, 10, 0, 2
418, ocean, minecraft:deep_ocean, HYBRID_AQUATIC_CRITTER, hybrid-aquatic:starfish, 10, 0, 2
419, ocean, minecraft:deep_ocean, HYBRID_AQUATIC_CRITTER, hybrid-aquatic:starfish, 10, 0, 2
420, desert, minecraft:desert, MONSTER, minecraft:spider, 80, 4, 4
421, desert, minecraft:desert, MONSTER, minecraft:zombie, 19, 4, 4
422, desert, minecraft:desert, MONSTER, minecraft:zombie_villager, 10, 1, 1
423, desert, minecraft:desert, MONSTER, minecraft:skeleton, 80, 4, 4
424, desert, minecraft:desert, MONSTER, minecraft:slime, 80, 4, 4
425, desert, minecraft:desert, MONSTER, minecraft:witch, 10, 1, 1
426, desert, minecraft:desert, MONSTER, minecraft:husk, 80, 4, 4
427, desert, minecraft:desert, MONSTER, rottencreatures:undead_miner, 20, 1, 4
428, desert, minecraft:desert, MONSTER, rottencreatures:mummy, 20, 1, 3
429, desert, minecraft:desert, MONSTER, creeperoverhaul:cave_creeper, 75, 2, 2
430, desert, minecraft:desert, MONSTER, endermanoverhaul:cave_enderman, 10, 1, 2
431, desert, minecraft:desert, MONSTER, creeperoverhaul:desert_creeper, 75, 2, 2
432, desert, minecraft:desert, MONSTER, endermanoverhaul:desert_enderman, 10, 1, 4
433, desert, minecraft:desert, CREATURE, minecraft:rabbit, 10, 2, 3
434, desert, minecraft:desert, CREATURE, naturalist:cardinal, 10, 1, 4
435, desert, minecraft:desert, CREATURE, naturalist:lizard, 15, 1, 2
436, desert, minecraft:desert, CREATURE, naturalist:rattlesnake, 10, 1, 1
437, desert, minecraft:desert, CREATURE, naturalist:tortoise, 10, 1, 3
438, desert, minecraft:desert, CREATURE, naturalist:vulture, 15, 2, 4
439, desert, minecraft:desert, AMBIENT, minecraft:bat, 10, 8, 8
440, desert, minecraft:desert, UNDERGROUND_WATER_CREATURE, minecraft:glow_squid, 10, 4, 6
441, private, spectrum:dragonrot_swamp, MONSTER, spectrum:eraser, 50, 4, 8
442, private, spectrum:dragonrot_swamp, MONSTER, minecraft:skeleton, 80, 4, 4
443, private, spectrum:dragonrot_swamp, MONSTER, minecraft:creeper, 80, 4, 4
444, private, spectrum:dragonrot_swamp, MONSTER, minecraft:drowned, 80, 4, 8
445, private, spectrum:dragonrot_swamp, MONSTER, minecraft:spider, 10, 4, 4
446, private, spectrum:dragonrot_swamp, MONSTER, minecraft:phantom, 10, 1, 2
447, private, spectrum:dragonrot_swamp, AMBIENT, minecraft:bat, 10, 8, 8
448, private, minecraft:dripstone_caves, MONSTER, minecraft:spider, 80, 4, 4
449, private, minecraft:dripstone_caves, MONSTER, minecraft:zombie, 80, 4, 4
450, private, minecraft:dripstone_caves, MONSTER, minecraft:zombie_villager, 10, 1, 1
451, private, minecraft:dripstone_caves, MONSTER, minecraft:skeleton, 80, 4, 4
452, private, minecraft:dripstone_caves, MONSTER, minecraft:slime, 80, 4, 4
453, private, minecraft:dripstone_caves, MONSTER, minecraft:witch, 10, 1, 1
454, private, minecraft:dripstone_caves, MONSTER, minecraft:drowned, 80, 4, 4
455, private, minecraft:dripstone_caves, MONSTER, rottencreatures:undead_miner, 20, 1, 4
456, private, minecraft:dripstone_caves, MONSTER, creeperoverhaul:cave_creeper, 75, 2, 2
457, private, minecraft:dripstone_caves, MONSTER, endermanoverhaul:cave_enderman, 10, 1, 2
458, private, minecraft:dripstone_caves, MONSTER, creeperoverhaul:dripstone_creeper, 75, 2, 2
459, private, minecraft:dripstone_caves, CREATURE, naturalist:snail, 10, 1, 3
460, private, minecraft:dripstone_caves, AMBIENT, minecraft:bat, 10, 8, 8
461, private, minecraft:dripstone_caves, UNDERGROUND_WATER_CREATURE, minecraft:glow_squid, 10, 4, 6
462, private, minecraft:dripstone_caves, HYBRID_AQUATIC_RIVER_FISH, hybrid-aquatic:tetra, 10, 2, 3
463, private, minecraft:end_barrens, MONSTER, minecraft:enderman, 10, 4, 4
464, private, minecraft:end_barrens, MONSTER, endermanoverhaul:end_enderman, 10, 1, 2
465, private, minecraft:end_highlands, MONSTER, minecraft:enderman, 10, 4, 4
466, private, minecraft:end_highlands, MONSTER, endermanoverhaul:end_enderman, 10, 1, 2
467, private, minecraft:end_highlands, MONSTER, endermanoverhaul:end_islands_enderman, 10, 1, 1
468, private, minecraft:end_midlands, MONSTER, minecraft:enderman, 10, 4, 4
469, private, minecraft:end_midlands, MONSTER, endermanoverhaul:end_enderman, 10, 1, 2
470, private, minecraft:end_midlands, MONSTER, endermanoverhaul:end_islands_enderman, 10, 1, 1
471, badlands, minecraft:eroded_badlands, MONSTER, minecraft:spider, 80, 4, 4
472, badlands, minecraft:eroded_badlands, MONSTER, minecraft:zombie, 80, 4, 4
473, badlands, minecraft:eroded_badlands, MONSTER, minecraft:zombie_villager, 10, 1, 1
474, badlands, minecraft:eroded_badlands, MONSTER, minecraft:skeleton, 80, 4, 4
475, badlands, minecraft:eroded_badlands, MONSTER, minecraft:slime, 80, 4, 4
476, badlands, minecraft:eroded_badlands, MONSTER, minecraft:witch, 10, 1, 1
477, badlands, minecraft:eroded_badlands, MONSTER, creeperoverhaul:badlands_creeper, 75, 2, 2
478, badlands, minecraft:eroded_badlands, MONSTER, endermanoverhaul:badlands_enderman, 10, 1, 4
479, badlands, minecraft:eroded_badlands, MONSTER, rottencreatures:undead_miner, 20, 1, 4
480, badlands, minecraft:eroded_badlands, MONSTER, creeperoverhaul:cave_creeper, 75, 2, 2
481, badlands, minecraft:eroded_badlands, MONSTER, endermanoverhaul:cave_enderman, 10, 1, 2
482, badlands, minecraft:eroded_badlands, CREATURE, naturalist:rattlesnake, 10, 1, 1
483, badlands, minecraft:eroded_badlands, CREATURE, naturalist:vulture, 15, 2, 4
484, badlands, minecraft:eroded_badlands, AMBIENT, minecraft:bat, 10, 8, 8
485, badlands, minecraft:eroded_badlands, UNDERGROUND_WATER_CREATURE, minecraft:glow_squid, 10, 4, 6
486, badlands, minecraft:eroded_badlands, HYBRID_AQUATIC_RIVER_FISH, hybrid-aquatic:pupfish, 10, 0, 1
487, forest, minecraft:flower_forest, MONSTER, minecraft:spider, 80, 4, 4
488, forest, minecraft:flower_forest, MONSTER, minecraft:zombie, 80, 4, 4
489, forest, minecraft:flower_forest, MONSTER, minecraft:zombie_villager, 10, 1, 1
490, forest, minecraft:flower_forest, MONSTER, minecraft:skeleton, 80, 4, 4
491, forest, minecraft:flower_forest, MONSTER, minecraft:creeper, 80, 4, 4
492, forest, minecraft:flower_forest, MONSTER, minecraft:slime, 80, 4, 4
493, forest, minecraft:flower_forest, MONSTER, minecraft:witch, 10, 1, 1
494, forest, minecraft:flower_forest, MONSTER, rottencreatures:undead_miner, 20, 1, 4
495, forest, minecraft:flower_forest, MONSTER, endermanoverhaul:cave_enderman, 10, 1, 2
496, forest, minecraft:flower_forest, MONSTER, endermanoverhaul:flower_fields_enderman, 10, 1, 2
497, forest, minecraft:flower_forest, CREATURE, minecraft:sheep, 12, 4, 4
498, forest, minecraft:flower_forest, CREATURE, minecraft:pig, 10, 4, 4
499, forest, minecraft:flower_forest, CREATURE, minecraft:chicken, 10, 4, 4
500, forest, minecraft:flower_forest, CREATURE, minecraft:cow, 10, 4, 4
501, forest, minecraft:flower_forest, CREATURE, minecraft:rabbit, 10, 2, 3
502, forest, minecraft:flower_forest, CREATURE, naturalist:bear, 10, 1, 2
503, forest, minecraft:flower_forest, CREATURE, naturalist:boar, 15, 4, 4
504, forest, minecraft:flower_forest, CREATURE, naturalist:cardinal, 10, 1, 4
505, forest, minecraft:flower_forest, CREATURE, naturalist:deer, 10, 1, 3
506, forest, minecraft:flower_forest, CREATURE, naturalist:finch, 10, 1, 4
507, forest, minecraft:flower_forest, CREATURE, minecraft:fox, 10, 2, 4
508, forest, minecraft:flower_forest, CREATURE, naturalist:lizard, 15, 1, 2
509, forest, minecraft:flower_forest, CREATURE, minecraft:rabbit, 10, 2, 3
510, forest, minecraft:flower_forest, CREATURE, naturalist:robin, 10, 1, 4
511, forest, minecraft:flower_forest, CREATURE, naturalist:snail, 10, 1, 3
512, forest, minecraft:flower_forest, CREATURE, naturalist:snake, 10, 1, 1
513, forest, minecraft:flower_forest, AMBIENT, minecraft:bat, 10, 8, 8
514, forest, minecraft:flower_forest, UNDERGROUND_WATER_CREATURE, minecraft:glow_squid, 10, 4, 6
515, forest, minecraft:forest, MONSTER, minecraft:spider, 80, 4, 4
516, forest, minecraft:forest, MONSTER, minecraft:zombie, 80, 4, 4
517, forest, minecraft:forest, MONSTER, minecraft:zombie_villager, 10, 1, 1
518, forest, minecraft:forest, MONSTER, minecraft:skeleton, 80, 4, 4
519, forest, minecraft:forest, MONSTER, minecraft:creeper, 80, 4, 4
520, forest, minecraft:forest, MONSTER, minecraft:slime, 80, 4, 4
521, forest, minecraft:forest, MONSTER, minecraft:enderman, 10, 1, 4
522, forest, minecraft:forest, MONSTER, minecraft:witch, 10, 1, 1
523, forest, minecraft:forest, MONSTER, rottencreatures:undead_miner, 20, 1, 4
524, forest, minecraft:forest, CREATURE, minecraft:sheep, 12, 4, 4
525, forest, minecraft:forest, CREATURE, minecraft:pig, 10, 4, 4
526, forest, minecraft:forest, CREATURE, minecraft:chicken, 10, 4, 4
527, forest, minecraft:forest, CREATURE, minecraft:cow, 10, 4, 4
528, forest, minecraft:forest, CREATURE, minecraft:wolf, 10, 4, 4
529, forest, minecraft:forest, CREATURE, naturalist:bear, 10, 1, 2
530, forest, minecraft:forest, CREATURE, naturalist:boar, 15, 4, 4
531, forest, minecraft:forest, CREATURE, naturalist:cardinal, 10, 1, 4
532, forest, minecraft:forest, CREATURE, naturalist:deer, 10, 1, 3
533, forest, minecraft:forest, CREATURE, naturalist:finch, 10, 1, 4
534, forest, minecraft:forest, CREATURE, minecraft:fox, 10, 2, 4
535, forest, minecraft:forest, CREATURE, naturalist:lizard, 15, 1, 2
536, forest, minecraft:forest, CREATURE, minecraft:rabbit, 10, 2, 3
537, forest, minecraft:forest, CREATURE, naturalist:robin, 10, 1, 4
538, forest, minecraft:forest, CREATURE, naturalist:snail, 10, 1, 3
539, forest, minecraft:forest, CREATURE, naturalist:snake, 10, 1, 1
540, forest, minecraft:forest, AMBIENT, minecraft:bat, 10, 8, 8
541, forest, minecraft:forest, UNDERGROUND_WATER_CREATURE, minecraft:glow_squid, 10, 4, 6
542, ocean, minecraft:frozen_ocean, MONSTER, minecraft:spider, 80, 4, 4
543, ocean, minecraft:frozen_ocean, MONSTER, minecraft:zombie, 80, 4, 4
544, ocean, minecraft:frozen_ocean, MONSTER, minecraft:zombie_villager, 10, 1, 1
545, ocean, minecraft:frozen_ocean, MONSTER, minecraft:skeleton, 80, 4, 4
546, ocean, minecraft:frozen_ocean, MONSTER, minecraft:slime, 80, 4, 4
547, ocean, minecraft:frozen_ocean, MONSTER, minecraft:enderman, 10, 1, 4
548, ocean, minecraft:frozen_ocean, MONSTER, minecraft:witch, 10, 1, 1
549, ocean, minecraft:frozen_ocean, MONSTER, minecraft:drowned, 10, 1, 1
550, ocean, minecraft:frozen_ocean, MONSTER, rottencreatures:undead_miner, 20, 1, 4
551, ocean, minecraft:frozen_ocean, CREATURE, minecraft:polar_bear, 10, 1, 2
552, ocean, minecraft:frozen_ocean, CREATURE, ecologics:penguin, 10, 4, 5
553, ocean, minecraft:frozen_ocean, AMBIENT, minecraft:bat, 10, 8, 8
554, ocean, minecraft:frozen_ocean, UNDERGROUND_WATER_CREATURE, minecraft:glow_squid, 10, 1, 1
555, ocean, minecraft:frozen_ocean, WATER_CREATURE, minecraft:squid, 10, 1, 1
556, ocean, minecraft:frozen_ocean, WATER_AMBIENT, minecraft:salmon, 15, 1, 5
557, ocean, minecraft:frozen_ocean, HYBRID_AQUATIC_FISH, hybrid-aquatic:sea_angel, 10, 1, 2
558, ocean, minecraft:frozen_ocean, HYBRID_AQUATIC_CEPHALOPOD, hybrid-aquatic:arrow_squid, 10, 1, 2
559, ocean, minecraft:frozen_ocean, HYBRID_AQUATIC_JELLY, hybrid-aquatic:lions_mane_jellyfish, 10, 1, 1
560, ocean, minecraft:frozen_ocean, HYBRID_AQUATIC_JELLY, hybrid-aquatic:nomura_jellyfish, 10, 1, 1
561, ocean, minecraft:frozen_ocean, HYBRID_AQUATIC_SHARK, hybrid-aquatic:basking_shark, 10, 1, 1
562, ocean, minecraft:frozen_ocean, HYBRID_AQUATIC_CRITTER, hybrid-aquatic:sea_cucumber, 10, 1, 2
563, ocean, minecraft:frozen_ocean, HYBRID_AQUATIC_CRITTER, hybrid-aquatic:sea_urchin, 10, 0, 2
564, ocean, minecraft:frozen_ocean, HYBRID_AQUATIC_CRITTER, hybrid-aquatic:starfish, 10, 0, 2
565, extreme_hills, minecraft:frozen_peaks, MONSTER, minecraft:spider, 80, 4, 4
566, extreme_hills, minecraft:frozen_peaks, MONSTER, minecraft:zombie, 80, 4, 4
567, extreme_hills, minecraft:frozen_peaks, MONSTER, minecraft:zombie_villager, 10, 1, 1
568, extreme_hills, minecraft:frozen_peaks, MONSTER, minecraft:skeleton, 80, 4, 4
569, extreme_hills, minecraft:frozen_peaks, MONSTER, minecraft:slime, 80, 4, 4
570, extreme_hills, minecraft:frozen_peaks, MONSTER, minecraft:enderman, 10, 1, 4
571, extreme_hills, minecraft:frozen_peaks, MONSTER, minecraft:witch, 10, 1, 1
572, extreme_hills, minecraft:frozen_peaks, MONSTER, rottencreatures:undead_miner, 20, 1, 4
573, extreme_hills, minecraft:frozen_peaks, MONSTER, creeperoverhaul:cave_creeper, 75, 2, 2
574, extreme_hills, minecraft:frozen_peaks, MONSTER, creeperoverhaul:cave_creeper, 75, 2, 2
575, extreme_hills, minecraft:frozen_peaks, MONSTER, creeperoverhaul:snowy_creeper, 75, 2, 2
576, extreme_hills, minecraft:frozen_peaks, CREATURE, minecraft:goat, 10, 1, 3
577, extreme_hills, minecraft:frozen_peaks, CREATURE, naturalist:bluejay, 10, 1, 4
578, extreme_hills, minecraft:frozen_peaks, CREATURE, naturalist:canary, 10, 1, 4
579, extreme_hills, minecraft:frozen_peaks, CREATURE, naturalist:robin, 10, 1, 4
580, extreme_hills, minecraft:frozen_peaks, CREATURE, naturalist:snail, 10, 1, 3
581, extreme_hills, minecraft:frozen_peaks, AMBIENT, minecraft:bat, 10, 8, 8
582, extreme_hills, minecraft:frozen_peaks, UNDERGROUND_WATER_CREATURE, minecraft:glow_squid, 10, 4, 6
583, river, minecraft:frozen_river, MONSTER, minecraft:spider, 80, 4, 4
584, river, minecraft:frozen_river, MONSTER, minecraft:zombie, 80, 4, 4
585, river, minecraft:frozen_river, MONSTER, minecraft:zombie_villager, 10, 1, 1
586, river, minecraft:frozen_river, MONSTER, minecraft:skeleton, 80, 4, 4
587, river, minecraft:frozen_river, MONSTER, minecraft:slime, 80, 4, 4
588, river, minecraft:frozen_river, MONSTER, minecraft:enderman, 10, 1, 4
589, river, minecraft:frozen_river, MONSTER, minecraft:witch, 10, 1, 1
590, river, minecraft:frozen_river, MONSTER, minecraft:drowned, 10, 1, 1
591, river, minecraft:frozen_river, MONSTER, rottencreatures:undead_miner, 20, 1, 4
592, river, minecraft:frozen_river, MONSTER, creeperoverhaul:cave_creeper, 75, 2, 2
593, river, minecraft:frozen_river, MONSTER, creeperoverhaul:snowy_creeper, 75, 2, 2
594, river, minecraft:frozen_river, CREATURE, naturalist:coral_snake, 10, 1, 1
595, river, minecraft:frozen_river, CREATURE, naturalist:duck, 15, 1, 3
596, river, minecraft:frozen_river, CREATURE, ecologics:penguin, 10, 4, 5
597, river, minecraft:frozen_river, CREATURE, naturalist:snail, 10, 1, 3
598, river, minecraft:frozen_river, AMBIENT, minecraft:bat, 10, 8, 8
599, river, minecraft:frozen_river, UNDERGROUND_WATER_CREATURE, minecraft:glow_squid, 10, 4, 6
600, river, minecraft:frozen_river, WATER_CREATURE, minecraft:squid, 10, 1, 4
601, river, minecraft:frozen_river, WATER_AMBIENT, minecraft:salmon, 10, 1, 5
602, river, minecraft:frozen_river, WATER_AMBIENT, naturalist:bass, 10, 4, 4
603, forest, minecraft:grove, MONSTER, minecraft:spider, 80, 4, 4
604, forest, minecraft:grove, MONSTER, minecraft:zombie, 80, 4, 4
605, forest, minecraft:grove, MONSTER, minecraft:zombie_villager, 10, 1, 1
606, forest, minecraft:grove, MONSTER, minecraft:skeleton, 80, 4, 4
607, forest, minecraft:grove, MONSTER, minecraft:slime, 80, 4, 4
608, forest, minecraft:grove, MONSTER, minecraft:enderman, 10, 1, 4
609, forest, minecraft:grove, MONSTER, minecraft:witch, 10, 1, 1
610, forest, minecraft:grove, MONSTER, rottencreatures:undead_miner, 20, 1, 4
611, forest, minecraft:grove, MONSTER, creeperoverhaul:cave_creeper, 75, 2, 2
612, forest, minecraft:grove, MONSTER, creeperoverhaul:snowy_creeper, 75, 2, 2
613, forest, minecraft:grove, CREATURE, minecraft:sheep, 12, 4, 4
614, forest, minecraft:grove, CREATURE, minecraft:pig, 10, 4, 4
615, forest, minecraft:grove, CREATURE, minecraft:chicken, 10, 4, 4
616, forest, minecraft:grove, CREATURE, minecraft:cow, 10, 4, 4
617, forest, minecraft:grove, CREATURE, minecraft:wolf, 10, 4, 4
618, forest, minecraft:grove, CREATURE, minecraft:rabbit, 10, 2, 3
619, forest, minecraft:grove, CREATURE, minecraft:fox, 10, 2, 4
620, forest, minecraft:grove, CREATURE, naturalist:bear, 10, 1, 2
621, forest, minecraft:grove, CREATURE, naturalist:boar, 15, 4, 4
622, forest, minecraft:grove, CREATURE, naturalist:cardinal, 10, 1, 4
623, forest, minecraft:grove, CREATURE, naturalist:deer, 10, 1, 3
624, forest, minecraft:grove, CREATURE, naturalist:finch, 10, 1, 4
625, forest, minecraft:grove, CREATURE, minecraft:fox, 10, 2, 4
626, forest, minecraft:grove, CREATURE, naturalist:lizard, 15, 1, 2
627, forest, minecraft:grove, CREATURE, minecraft:rabbit, 10, 2, 3
628, forest, minecraft:grove, CREATURE, naturalist:robin, 10, 1, 4
629, forest, minecraft:grove, CREATURE, naturalist:snail, 10, 1, 3
630, forest, minecraft:grove, CREATURE, naturalist:snake, 10, 1, 1
631, forest, minecraft:grove, AMBIENT, minecraft:bat, 10, 8, 8
632, forest, minecraft:grove, UNDERGROUND_WATER_CREATURE, minecraft:glow_squid, 10, 4, 6
633, private, minecraft:ice_spikes, MONSTER, minecraft:spider, 80, 4, 4
634, private, minecraft:ice_spikes, MONSTER, minecraft:zombie, 80, 4, 4
635, private, minecraft:ice_spikes, MONSTER, minecraft:zombie_villager, 10, 1, 1
636, private, minecraft:ice_spikes, MONSTER, minecraft:skeleton, 20, 4, 4
637, private, minecraft:ice_spikes, MONSTER, minecraft:slime, 80, 4, 4
638, private, minecraft:ice_spikes, MONSTER, minecraft:witch, 10, 1, 1
639, private, minecraft:ice_spikes, MONSTER, minecraft:stray, 80, 4, 4
640, private, minecraft:ice_spikes, MONSTER, rottencreatures:frostbitten, 80, 4, 4
641, private, minecraft:ice_spikes, MONSTER, rottencreatures:glacial_hunter, 20, 1, 3
642, private, minecraft:ice_spikes, MONSTER, rottencreatures:undead_miner, 20, 1, 4
643, private, minecraft:ice_spikes, MONSTER, creeperoverhaul:cave_creeper, 75, 2, 2
644, private, minecraft:ice_spikes, MONSTER, endermanoverhaul:cave_enderman, 10, 1, 2
645, private, minecraft:ice_spikes, MONSTER, endermanoverhaul:ice_spikes_enderman, 10, 1, 4
646, private, minecraft:ice_spikes, MONSTER, creeperoverhaul:snowy_creeper, 75, 2, 2
647, private, minecraft:ice_spikes, CREATURE, minecraft:rabbit, 10, 2, 3
648, private, minecraft:ice_spikes, CREATURE, minecraft:polar_bear, 10, 1, 2
649, private, minecraft:ice_spikes, CREATURE, naturalist:bluejay, 10, 1, 4
650, private, minecraft:ice_spikes, AMBIENT, minecraft:bat, 10, 8, 8
651, private, minecraft:ice_spikes, UNDERGROUND_WATER_CREATURE, minecraft:glow_squid, 10, 4, 6
652, extreme_hills, minecraft:jagged_peaks, MONSTER, minecraft:spider, 80, 4, 4
653, extreme_hills, minecraft:jagged_peaks, MONSTER, minecraft:zombie, 80, 4, 4
654, extreme_hills, minecraft:jagged_peaks, MONSTER, minecraft:zombie_villager, 10, 1, 1
655, extreme_hills, minecraft:jagged_peaks, MONSTER, minecraft:skeleton, 80, 4, 4
656, extreme_hills, minecraft:jagged_peaks, MONSTER, minecraft:slime, 80, 4, 4
657, extreme_hills, minecraft:jagged_peaks, MONSTER, minecraft:enderman, 10, 1, 4
658, extreme_hills, minecraft:jagged_peaks, MONSTER, minecraft:witch, 10, 1, 1
659, extreme_hills, minecraft:jagged_peaks, MONSTER, rottencreatures:undead_miner, 20, 1, 4
660, extreme_hills, minecraft:jagged_peaks, MONSTER, creeperoverhaul:cave_creeper, 75, 2, 2
661, extreme_hills, minecraft:jagged_peaks, MONSTER, creeperoverhaul:cave_creeper, 75, 2, 2
662, extreme_hills, minecraft:jagged_peaks, MONSTER, creeperoverhaul:snowy_creeper, 75, 2, 2
663, extreme_hills, minecraft:jagged_peaks, CREATURE, minecraft:goat, 10, 1, 3
664, extreme_hills, minecraft:jagged_peaks, CREATURE, naturalist:canary, 10, 1, 4
665, extreme_hills, minecraft:jagged_peaks, CREATURE, naturalist:robin, 10, 1, 4
666, extreme_hills, minecraft:jagged_peaks, CREATURE, naturalist:snail, 10, 1, 3
667, extreme_hills, minecraft:jagged_peaks, AMBIENT, minecraft:bat, 10, 8, 8
668, extreme_hills, minecraft:jagged_peaks, UNDERGROUND_WATER_CREATURE, minecraft:glow_squid, 10, 4, 6
669, jungle, minecraft:jungle, MONSTER, minecraft:spider, 80, 4, 4
670, jungle, minecraft:jungle, MONSTER, minecraft:zombie, 80, 4, 4
671, jungle, minecraft:jungle, MONSTER, minecraft:zombie_villager, 10, 1, 1
672, jungle, minecraft:jungle, MONSTER, minecraft:skeleton, 80, 4, 4
673, jungle, minecraft:jungle, MONSTER, minecraft:slime, 80, 4, 4
674, jungle, minecraft:jungle, MONSTER, minecraft:enderman, 10, 1, 4
675, jungle, minecraft:jungle, MONSTER, minecraft:witch, 10, 1, 1
676, jungle, minecraft:jungle, MONSTER, minecraft:ocelot, 10, 1, 3
677, jungle, minecraft:jungle, MONSTER, creeperoverhaul:bamboo_creeper, 75, 2, 2
678, jungle, minecraft:jungle, MONSTER, rottencreatures:undead_miner, 20, 1, 4
679, jungle, minecraft:jungle, MONSTER, creeperoverhaul:cave_creeper, 75, 2, 2
680, jungle, minecraft:jungle, MONSTER, creeperoverhaul:jungle_creeper, 75, 2, 2
681, jungle, minecraft:jungle, CREATURE, minecraft:sheep, 12, 4, 4
682, jungle, minecraft:jungle, CREATURE, minecraft:pig, 10, 4, 4
683, jungle, minecraft:jungle, CREATURE, minecraft:chicken, 10, 4, 4
684, jungle, minecraft:jungle, CREATURE, minecraft:cow, 10, 4, 4
685, jungle, minecraft:jungle, CREATURE, minecraft:chicken, 10, 4, 4
686, jungle, minecraft:jungle, CREATURE, minecraft:parrot, 40, 1, 2
687, jungle, minecraft:jungle, CREATURE, minecraft:panda, 10, 1, 2
688, jungle, minecraft:jungle, CREATURE, naturalist:coral_snake, 10, 1, 1
689, jungle, minecraft:jungle, CREATURE, naturalist:hippo, 15, 3, 4
690, jungle, minecraft:jungle, CREATURE, naturalist:lizard, 15, 1, 2
691, jungle, minecraft:jungle, CREATURE, naturalist:tortoise, 10, 1, 3
692, jungle, minecraft:jungle, AMBIENT, minecraft:bat, 10, 8, 8
693, jungle, minecraft:jungle, UNDERGROUND_WATER_CREATURE, minecraft:glow_squid, 10, 4, 6
694, jungle, minecraft:jungle, HYBRID_AQUATIC_RIVER_FISH, hybrid-aquatic:african_butterflyfish, 10, 1, 1
695, jungle, minecraft:jungle, HYBRID_AQUATIC_RIVER_FISH, hybrid-aquatic:danio, 10, 2, 3
696, jungle, minecraft:jungle, HYBRID_AQUATIC_RIVER_FISH, hybrid-aquatic:discus, 10, 1, 1
697, jungle, minecraft:jungle, HYBRID_AQUATIC_RIVER_FISH, hybrid-aquatic:golden_dorado, 10, 1, 1
698, jungle, minecraft:jungle, HYBRID_AQUATIC_RIVER_FISH, hybrid-aquatic:gourami, 10, 1, 1
699, jungle, minecraft:jungle, HYBRID_AQUATIC_RIVER_FISH, hybrid-aquatic:oscar, 10, 1, 1
700, jungle, minecraft:jungle, HYBRID_AQUATIC_RIVER_FISH, hybrid-aquatic:piranha, 10, 4, 8
701, jungle, minecraft:jungle, HYBRID_AQUATIC_RIVER_FISH, hybrid-aquatic:pleco, 10, 1, 2
702, jungle, minecraft:jungle, HYBRID_AQUATIC_RIVER_FISH, hybrid-aquatic:tetra, 10, 2, 3
703, jungle, minecraft:jungle, HYBRID_AQUATIC_RIVER_FISH, hybrid-aquatic:tiger_barb, 10, 2, 3
704, jungle, minecraft:jungle, HYBRID_AQUATIC_CRUSTACEAN, hybrid-aquatic:vampire_crab, 10, 1, 2
705, nether, minecraft:lava_sea, MONSTER, minecraft:zombified_piglin, 10, 1, 4
706, nether, minecraft:lava_sea, MONSTER, minecraft:ghast, 7, 4, 4
707, nether, minecraft:lava_sea, CREATURE, minecraft:strider, 60, 1, 2
708, private, galosphere:lichen_caves, MONSTER, minecraft:spider, 80, 4, 4
709, private, galosphere:lichen_caves, MONSTER, minecraft:zombie, 80, 4, 4
710, private, galosphere:lichen_caves, MONSTER, minecraft:zombie_villager, 10, 1, 1
711, private, galosphere:lichen_caves, MONSTER, minecraft:skeleton, 80, 4, 4
712, private, galosphere:lichen_caves, MONSTER, minecraft:creeper, 80, 4, 4
713, private, galosphere:lichen_caves, MONSTER, minecraft:slime, 80, 4, 4
714, private, galosphere:lichen_caves, MONSTER, minecraft:enderman, 10, 1, 4
715, private, galosphere:lichen_caves, MONSTER, minecraft:witch, 10, 1, 1
716, private, galosphere:lichen_caves, AMBIENT, galosphere:spectre, 20, 8, 8
717, private, galosphere:lichen_caves, UNDERGROUND_WATER_CREATURE, minecraft:glow_squid, 10, 4, 6
718, ocean, minecraft:lukewarm_ocean, MONSTER, minecraft:spider, 80, 4, 4
719, ocean, minecraft:lukewarm_ocean, MONSTER, minecraft:zombie, 80, 4, 4
720, ocean, minecraft:lukewarm_ocean, MONSTER, minecraft:zombie_villager, 10, 1, 1
721, ocean, minecraft:lukewarm_ocean, MONSTER, minecraft:skeleton, 80, 4, 4
722, ocean, minecraft:lukewarm_ocean, MONSTER, minecraft:slime, 80, 4, 4
723, ocean, minecraft:lukewarm_ocean, MONSTER, minecraft:enderman, 10, 1, 4
724, ocean, minecraft:lukewarm_ocean, MONSTER, minecraft:witch, 10, 1, 1
725, ocean, minecraft:lukewarm_ocean, MONSTER, minecraft:drowned, 10, 1, 1
726, ocean, minecraft:lukewarm_ocean, MONSTER, rottencreatures:undead_miner, 20, 1, 4
727, ocean, minecraft:lukewarm_ocean, MONSTER, creeperoverhaul:cave_creeper, 75, 2, 2
728, ocean, minecraft:lukewarm_ocean, MONSTER, creeperoverhaul:ocean_creeper, 10, 1, 1
729, ocean, minecraft:lukewarm_ocean, AMBIENT, minecraft:bat, 10, 8, 8
730, ocean, minecraft:lukewarm_ocean, UNDERGROUND_WATER_CREATURE, minecraft:glow_squid, 10, 1, 1
731, ocean, minecraft:lukewarm_ocean, WATER_CREATURE, minecraft:squid, 10, 1, 1
732, ocean, minecraft:lukewarm_ocean, WATER_CREATURE, minecraft:dolphin, 10, 1, 2
733, ocean, minecraft:lukewarm_ocean, WATER_AMBIENT, minecraft:cod, 15, 3, 6
734, ocean, minecraft:lukewarm_ocean, WATER_AMBIENT, minecraft:pufferfish, 10, 1, 3
735, ocean, minecraft:lukewarm_ocean, WATER_AMBIENT, minecraft:tropical_fish, 25, 8, 8
736, ocean, minecraft:lukewarm_ocean, HYBRID_AQUATIC_FISH, hybrid-aquatic:barracuda, 10, 1, 1
737, ocean, minecraft:lukewarm_ocean, HYBRID_AQUATIC_FISH, hybrid-aquatic:damselfish, 10, 4, 12
738, ocean, minecraft:lukewarm_ocean, HYBRID_AQUATIC_FISH, hybrid-aquatic:flashlight_fish, 10, 4, 12
739, ocean, minecraft:lukewarm_ocean, HYBRID_AQUATIC_FISH, hybrid-aquatic:flying_fish, 10, 4, 12
740, ocean, minecraft:lukewarm_ocean, HYBRID_AQUATIC_FISH, hybrid-aquatic:needlefish, 10, 1, 4
741, ocean, minecraft:lukewarm_ocean, HYBRID_AQUATIC_FISH, hybrid-aquatic:rockfish, 10, 1, 4
742, ocean, minecraft:lukewarm_ocean, HYBRID_AQUATIC_FISH, hybrid-aquatic:sea_bass, 10, 1, 3
743, ocean, minecraft:lukewarm_ocean, HYBRID_AQUATIC_FISH, hybrid-aquatic:squirrelfish, 10, 4, 12
744, ocean, minecraft:lukewarm_ocean, HYBRID_AQUATIC_FISH, hybrid-aquatic:stingray, 10, 1, 2
745, ocean, minecraft:lukewarm_ocean, HYBRID_AQUATIC_CEPHALOPOD, hybrid-aquatic:firefly_squid, 10, 1, 2
746, ocean, minecraft:lukewarm_ocean, HYBRID_AQUATIC_CEPHALOPOD, hybrid-aquatic:nautilus, 10, 1, 1
747, ocean, minecraft:lukewarm_ocean, HYBRID_AQUATIC_CEPHALOPOD, hybrid-aquatic:octopus, 10, 1, 1
748, ocean, minecraft:lukewarm_ocean, HYBRID_AQUATIC_CEPHALOPOD, hybrid-aquatic:umbrella_octopus, 10, 1, 1
749, ocean, minecraft:lukewarm_ocean, HYBRID_AQUATIC_CEPHALOPOD, hybrid-aquatic:vampire_squid, 10, 1, 1
750, ocean, minecraft:lukewarm_ocean, HYBRID_AQUATIC_CEPHALOPOD, hybrid-aquatic:vampire_squid, 10, 1, 1
751, ocean, minecraft:lukewarm_ocean, HYBRID_AQUATIC_JELLY, hybrid-aquatic:barrel_jellyfish, 10, 1, 2
752, ocean, minecraft:lukewarm_ocean, HYBRID_AQUATIC_JELLY, hybrid-aquatic:box_jellyfish, 10, 1, 1
753, ocean, minecraft:lukewarm_ocean, HYBRID_AQUATIC_JELLY, hybrid-aquatic:cepheidae_jellyfish, 10, 1, 2
754, ocean, minecraft:lukewarm_ocean, HYBRID_AQUATIC_JELLY, hybrid-aquatic:moon_jellyfish, 10, 2, 5
755, ocean, minecraft:lukewarm_ocean, HYBRID_AQUATIC_JELLY, hybrid-aquatic:sea_nettle, 10, 1, 4
756, ocean, minecraft:lukewarm_ocean, HYBRID_AQUATIC_SHARK, hybrid-aquatic:hammerhead_shark, 10, 1, 2
757, ocean, minecraft:lukewarm_ocean, HYBRID_AQUATIC_SHARK, hybrid-aquatic:hound_shark, 10, 1, 2
758, ocean, minecraft:lukewarm_ocean, HYBRID_AQUATIC_SHARK, hybrid-aquatic:tiger_shark, 10, 1, 1
759, ocean, minecraft:lukewarm_ocean, HYBRID_AQUATIC_CRUSTACEAN, hybrid-aquatic:flower_crab, 10, 1, 2
760, ocean, minecraft:lukewarm_ocean, HYBRID_AQUATIC_CRUSTACEAN, hybrid-aquatic:hermit_crab, 10, 1, 2
761, ocean, minecraft:lukewarm_ocean, HYBRID_AQUATIC_CRUSTACEAN, hybrid-aquatic:horseshoe_crab, 10, 1, 2
762, ocean, minecraft:lukewarm_ocean, HYBRID_AQUATIC_CRUSTACEAN, hybrid-aquatic:lobster, 10, 1, 2
763, ocean, minecraft:lukewarm_ocean, HYBRID_AQUATIC_CRITTER, hybrid-aquatic:sea_cucumber, 10, 1, 2
764, ocean, minecraft:lukewarm_ocean, HYBRID_AQUATIC_CRITTER, hybrid-aquatic:sea_slug, 10, 0, 2
765, ocean, minecraft:lukewarm_ocean, HYBRID_AQUATIC_CRITTER, hybrid-aquatic:sea_urchin, 10, 0, 2
766, ocean, minecraft:lukewarm_ocean, HYBRID_AQUATIC_CRITTER, hybrid-aquatic:starfish, 10, 0, 2
767, private, minecraft:lush_caves, MONSTER, minecraft:spider, 80, 4, 4
768, private, minecraft:lush_caves, MONSTER, minecraft:zombie, 80, 4, 4
769, private, minecraft:lush_caves, MONSTER, minecraft:zombie_villager, 10, 1, 1
770, private, minecraft:lush_caves, MONSTER, minecraft:skeleton, 80, 4, 4
771, private, minecraft:lush_caves, MONSTER, minecraft:slime, 80, 4, 4
772, private, minecraft:lush_caves, MONSTER, minecraft:witch, 10, 1, 1
773, private, minecraft:lush_caves, MONSTER, rottencreatures:undead_miner, 20, 1, 4
774, private, minecraft:lush_caves, MONSTER, creeperoverhaul:cave_creeper, 75, 2, 2
775, private, minecraft:lush_caves, MONSTER, endermanoverhaul:cave_enderman, 10, 1, 2
776, private, minecraft:lush_caves, MONSTER, creeperoverhaul:dripstone_creeper, 75, 2, 2
777, private, minecraft:lush_caves, CREATURE, naturalist:snail, 10, 1, 3
778, private, minecraft:lush_caves, AMBIENT, minecraft:bat, 10, 8, 8
779, private, minecraft:lush_caves, AXOLOTLS, minecraft:axolotl, 10, 4, 6
780, private, minecraft:lush_caves, UNDERGROUND_WATER_CREATURE, minecraft:glow_squid, 10, 4, 6
781, private, minecraft:lush_caves, WATER_AMBIENT, minecraft:tropical_fish, 25, 8, 8
782, private, minecraft:lush_caves, HYBRID_AQUATIC_RIVER_FISH, hybrid-aquatic:tetra, 10, 2, 3
783, private, minecraft:mangrove_swamp, MONSTER, minecraft:spider, 80, 4, 4
784, private, minecraft:mangrove_swamp, MONSTER, minecraft:zombie, 80, 4, 4
785, private, minecraft:mangrove_swamp, MONSTER, minecraft:zombie_villager, 10, 1, 1
786, private, minecraft:mangrove_swamp, MONSTER, minecraft:skeleton, 80, 4, 4
787, private, minecraft:mangrove_swamp, MONSTER, minecraft:creeper, 80, 4, 4
788, private, minecraft:mangrove_swamp, MONSTER, minecraft:slime, 80, 4, 4
789, private, minecraft:mangrove_swamp, MONSTER, minecraft:witch, 10, 1, 1
790, private, minecraft:mangrove_swamp, MONSTER, minecraft:slime, 10, 1, 1
791, private, minecraft:mangrove_swamp, MONSTER, rottencreatures:undead_miner, 20, 1, 4
792, private, minecraft:mangrove_swamp, MONSTER, endermanoverhaul:cave_enderman, 10, 1, 2
793, private, minecraft:mangrove_swamp, MONSTER, endermanoverhaul:swamp_enderman, 10, 1, 4
794, private, minecraft:mangrove_swamp, CREATURE, minecraft:frog, 20, 2, 5
795, private, minecraft:mangrove_swamp, CREATURE, naturalist:alligator, 20, 1, 2
796, private, minecraft:mangrove_swamp, CREATURE, naturalist:cardinal, 10, 1, 4
797, private, minecraft:mangrove_swamp, CREATURE, naturalist:duck, 15, 1, 3
798, private, minecraft:mangrove_swamp, CREATURE, naturalist:lizard, 15, 1, 2
799, private, minecraft:mangrove_swamp, CREATURE, naturalist:snail, 10, 1, 3
800, private, minecraft:mangrove_swamp, CREATURE, naturalist:snake, 10, 1, 1
801, private, minecraft:mangrove_swamp, CREATURE, naturalist:tortoise, 10, 1, 3
802, private, minecraft:mangrove_swamp, AMBIENT, minecraft:bat, 10, 8, 8
803, private, minecraft:mangrove_swamp, AMBIENT, naturalist:dragonfly, 10, 2, 3
804, private, minecraft:mangrove_swamp, UNDERGROUND_WATER_CREATURE, minecraft:glow_squid, 10, 4, 6
805, private, minecraft:mangrove_swamp, WATER_AMBIENT, minecraft:tropical_fish, 25, 8, 8
806, private, minecraft:mangrove_swamp, WATER_AMBIENT, naturalist:bass, 10, 4, 4
807, private, minecraft:mangrove_swamp, WATER_AMBIENT, naturalist:catfish, 10, 1, 1
808, private, minecraft:mangrove_swamp, HYBRID_AQUATIC_RIVER_FISH, hybrid-aquatic:african_butterflyfish, 10, 1, 1
809, private, minecraft:mangrove_swamp, HYBRID_AQUATIC_RIVER_FISH, hybrid-aquatic:betta, 10, 1, 1
810, private, minecraft:mangrove_swamp, HYBRID_AQUATIC_RIVER_FISH, hybrid-aquatic:danio, 10, 2, 3
811, private, minecraft:mangrove_swamp, HYBRID_AQUATIC_RIVER_FISH, hybrid-aquatic:discus, 10, 1, 1
812, private, minecraft:mangrove_swamp, HYBRID_AQUATIC_RIVER_FISH, hybrid-aquatic:gourami, 10, 1, 1
813, private, minecraft:mangrove_swamp, HYBRID_AQUATIC_RIVER_FISH, hybrid-aquatic:oscar, 10, 1, 1
814, private, minecraft:mangrove_swamp, HYBRID_AQUATIC_RIVER_FISH, hybrid-aquatic:pleco, 10, 1, 2
815, private, minecraft:mangrove_swamp, HYBRID_AQUATIC_RIVER_FISH, hybrid-aquatic:tetra, 10, 2, 3
816, private, minecraft:mangrove_swamp, HYBRID_AQUATIC_RIVER_FISH, hybrid-aquatic:tiger_barb, 10, 2, 3
817, private, minecraft:mangrove_swamp, HYBRID_AQUATIC_JELLY, hybrid-aquatic:box_jellyfish, 10, 1, 1
818, private, minecraft:mangrove_swamp, HYBRID_AQUATIC_CRUSTACEAN, hybrid-aquatic:fiddler_crab, 10, 1, 2
819, private, minecraft:mangrove_swamp, HYBRID_AQUATIC_CRUSTACEAN, hybrid-aquatic:flower_crab, 10, 1, 2
820, extreme_hills, minecraft:meadow, MONSTER, minecraft:spider, 80, 4, 4
821, extreme_hills, minecraft:meadow, MONSTER, minecraft:zombie, 80, 4, 4
822, extreme_hills, minecraft:meadow, MONSTER, minecraft:zombie_villager, 10, 1, 1
823, extreme_hills, minecraft:meadow, MONSTER, minecraft:skeleton, 80, 4, 4
824, extreme_hills, minecraft:meadow, MONSTER, minecraft:slime, 80, 4, 4
825, extreme_hills, minecraft:meadow, MONSTER, minecraft:witch, 10, 1, 1
826, extreme_hills, minecraft:meadow, MONSTER, rottencreatures:undead_miner, 20, 1, 4
827, extreme_hills, minecraft:meadow, MONSTER, creeperoverhaul:cave_creeper, 75, 2, 2
828, extreme_hills, minecraft:meadow, MONSTER, endermanoverhaul:cave_enderman, 10, 1, 2
829, extreme_hills, minecraft:meadow, MONSTER, endermanoverhaul:flower_fields_enderman, 10, 1, 2
830, extreme_hills, minecraft:meadow, MONSTER, creeperoverhaul:hills_creeper, 75, 2, 2
831, extreme_hills, minecraft:meadow, CREATURE, minecraft:donkey, 10, 1, 2
832, extreme_hills, minecraft:meadow, CREATURE, minecraft:rabbit, 10, 2, 6
833, extreme_hills, minecraft:meadow, CREATURE, minecraft:sheep, 10, 2, 4
834, extreme_hills, minecraft:meadow, CREATURE, naturalist:canary, 10, 1, 4
835, extreme_hills, minecraft:meadow, CREATURE, naturalist:robin, 10, 1, 4
836, extreme_hills, minecraft:meadow, CREATURE, naturalist:snail, 10, 1, 3
837, extreme_hills, minecraft:meadow, AMBIENT, minecraft:bat, 10, 8, 8
838, extreme_hills, minecraft:meadow, UNDERGROUND_WATER_CREATURE, minecraft:glow_squid, 10, 4, 6
839, private, minecraft:mushroom_fields, CREATURE, minecraft:mooshroom, 10, 4, 8
840, private, minecraft:mushroom_fields, CREATURE, creeperoverhaul:mushroom_creeper, 10, 1, 2
841, private, minecraft:mushroom_fields, CREATURE, naturalist:snail, 10, 1, 3
842, private, minecraft:mushroom_fields, AMBIENT, minecraft:bat, 10, 8, 8
843, private, minecraft:mushroom_fields, AMBIENT, endermanoverhaul:mushroom_fields_enderman, 10, 1, 2
844, private, minecraft:mushroom_fields, UNDERGROUND_WATER_CREATURE, minecraft:glow_squid, 10, 4, 6
845, nether, minecraft:nether_wastes, MONSTER, minecraft:ghast, 50, 4, 4
846, nether, minecraft:nether_wastes, MONSTER, minecraft:zombified_piglin, 80, 4, 4
847, nether, minecraft:nether_wastes, MONSTER, minecraft:magma_cube, 10, 4, 4
848, nether, minecraft:nether_wastes, MONSTER, minecraft:piglin, 15, 4, 4
849, nether, minecraft:nether_wastes, MONSTER, rottencreatures:burned, 20, 4, 4
850, nether, minecraft:nether_wastes, MONSTER, endermanoverhaul:nether_wastes_enderman, 10, 4, 4
851, nether, minecraft:nether_wastes, CREATURE, minecraft:strider, 60, 1, 2
852, private, spectrum:noxshroom_forest, MONSTER, minecraft:cave_spider, 80, 4, 8
853, private, spectrum:noxshroom_forest, MONSTER, minecraft:zombie, 80, 4, 4
854, private, spectrum:noxshroom_forest, MONSTER, minecraft:skeleton, 80, 4, 4
855, private, spectrum:noxshroom_forest, AMBIENT, minecraft:bat, 10, 8, 8
856, ocean, minecraft:ocean, MONSTER, minecraft:spider, 80, 4, 4
857, ocean, minecraft:ocean, MONSTER, minecraft:zombie, 80, 4, 4
858, ocean, minecraft:ocean, MONSTER, minecraft:zombie_villager, 10, 1, 1
859, ocean, minecraft:ocean, MONSTER, minecraft:skeleton, 80, 4, 4
860, ocean, minecraft:ocean, MONSTER, minecraft:creeper, 80, 4, 4
861, ocean, minecraft:ocean, MONSTER, minecraft:slime, 80, 4, 4
862, ocean, minecraft:ocean, MONSTER, minecraft:enderman, 10, 1, 4
863, ocean, minecraft:ocean, MONSTER, minecraft:witch, 10, 1, 1
864, ocean, minecraft:ocean, MONSTER, minecraft:drowned, 10, 1, 1
865, ocean, minecraft:ocean, MONSTER, rottencreatures:undead_miner, 20, 1, 4
866, ocean, minecraft:ocean, AMBIENT, minecraft:bat, 10, 8, 8
867, ocean, minecraft:ocean, UNDERGROUND_WATER_CREATURE, minecraft:glow_squid, 10, 1, 1
868, ocean, minecraft:ocean, WATER_CREATURE, minecraft:squid, 10, 1, 1
869, ocean, minecraft:ocean, WATER_CREATURE, minecraft:dolphin, 10, 1, 2
870, ocean, minecraft:ocean, WATER_AMBIENT, minecraft:cod, 10, 3, 6
871, ocean, minecraft:ocean, HYBRID_AQUATIC_FISH, hybrid-aquatic:barracuda, 10, 1, 1
872, ocean, minecraft:ocean, HYBRID_AQUATIC_FISH, hybrid-aquatic:herring, 10, 4, 12
873, ocean, minecraft:ocean, HYBRID_AQUATIC_FISH, hybrid-aquatic:mackerel, 10, 4, 12
874, ocean, minecraft:ocean, HYBRID_AQUATIC_FISH, hybrid-aquatic:needlefish, 10, 1, 4
875, ocean, minecraft:ocean, HYBRID_AQUATIC_FISH, hybrid-aquatic:rockfish, 10, 1, 4
876, ocean, minecraft:ocean, HYBRID_AQUATIC_FISH, hybrid-aquatic:sea_bass, 10, 1, 3
877, ocean, minecraft:ocean, HYBRID_AQUATIC_FISH, hybrid-aquatic:seadragon, 10, 1, 2
878, ocean, minecraft:ocean, HYBRID_AQUATIC_FISH, hybrid-aquatic:wrasse, 10, 1, 2
879, ocean, minecraft:ocean, HYBRID_AQUATIC_CEPHALOPOD, hybrid-aquatic:cuttlefish, 10, 1, 1
880, ocean, minecraft:ocean, HYBRID_AQUATIC_CEPHALOPOD, hybrid-aquatic:octopus, 10, 1, 1
881, ocean, minecraft:ocean, HYBRID_AQUATIC_JELLY, hybrid-aquatic:barrel_jellyfish, 10, 1, 2
882, ocean, minecraft:ocean, HYBRID_AQUATIC_JELLY, hybrid-aquatic:blue_jellyfish, 10, 1, 2
883, ocean, minecraft:ocean, HYBRID_AQUATIC_JELLY, hybrid-aquatic:cepheidae_jellyfish, 10, 1, 2
884, ocean, minecraft:ocean, HYBRID_AQUATIC_JELLY, hybrid-aquatic:moon_jellyfish, 10, 2, 5
885, ocean, minecraft:ocean, HYBRID_AQUATIC_JELLY, hybrid-aquatic:sea_nettle, 10, 1, 4
886, ocean, minecraft:ocean, HYBRID_AQUATIC_SHARK, hybrid-aquatic:hammerhead_shark, 10, 1, 2
887, ocean, minecraft:ocean, HYBRID_AQUATIC_SHARK, hybrid-aquatic:hound_shark, 10, 1, 2
888, ocean, minecraft:ocean, HYBRID_AQUATIC_SHARK, hybrid-aquatic:tiger_shark, 10, 1, 1
889, ocean, minecraft:ocean, HYBRID_AQUATIC_CRUSTACEAN, hybrid-aquatic:giant_isopod, 10, 1, 2
890, ocean, minecraft:ocean, HYBRID_AQUATIC_CRUSTACEAN, hybrid-aquatic:spider_crab, 10, 1, 2
891, ocean, minecraft:ocean, HYBRID_AQUATIC_CRITTER, hybrid-aquatic:sea_cucumber, 10, 1, 2
892, ocean, minecraft:ocean, HYBRID_AQUATIC_CRITTER, hybrid-aquatic:sea_slug, 10, 0, 2
893, ocean, minecraft:ocean, HYBRID_AQUATIC_CRITTER, hybrid-aquatic:sea_urchin, 10, 0, 2
894, ocean, minecraft:ocean, HYBRID_AQUATIC_CRITTER, hybrid-aquatic:starfish, 10, 0, 2
895, ocean, minecraft:ocean_trench, MONSTER, minecraft:spider, 80, 4, 4
896, ocean, minecraft:ocean_trench, MONSTER, minecraft:zombie, 80, 4, 4
897, ocean, minecraft:ocean_trench, MONSTER, minecraft:zombie_villager, 10, 1, 1
898, ocean, minecraft:ocean_trench, MONSTER, minecraft:skeleton, 80, 4, 4
899, ocean, minecraft:ocean_trench, MONSTER, minecraft:creeper, 80, 4, 4
900, ocean, minecraft:ocean_trench, MONSTER, minecraft:slime, 80, 4, 4
901, ocean, minecraft:ocean_trench, MONSTER, minecraft:enderman, 10, 1, 4
902, ocean, minecraft:ocean_trench, MONSTER, minecraft:witch, 10, 1, 1
903, ocean, minecraft:ocean_trench, MONSTER, minecraft:drowned, 10, 1, 1
904, ocean, minecraft:ocean_trench, AMBIENT, minecraft:bat, 10, 8, 8
905, ocean, minecraft:ocean_trench, UNDERGROUND_WATER_CREATURE, minecraft:glow_squid, 10, 4, 6
906, ocean, minecraft:ocean_trench, WATER_CREATURE, minecraft:squid, 10, 1, 4
907, ocean, minecraft:ocean_trench, WATER_CREATURE, minecraft:dolphin, 10, 1, 2
908, ocean, minecraft:ocean_trench, WATER_AMBIENT, minecraft:cod, 10, 3, 6
909, ocean, minecraft:ocean_trench, HYBRID_AQUATIC_FISH, hybrid-aquatic:anglerfish, 10, 1, 2
910, ocean, minecraft:ocean_trench, HYBRID_AQUATIC_FISH, hybrid-aquatic:barreleye, 10, 1, 2
911, ocean, minecraft:ocean_trench, HYBRID_AQUATIC_FISH, hybrid-aquatic:coelacanth, 10, 1, 1
912, ocean, minecraft:ocean_trench, HYBRID_AQUATIC_FISH, hybrid-aquatic:dragonfish, 10, 1, 2
913, ocean, minecraft:ocean_trench, HYBRID_AQUATIC_FISH, hybrid-aquatic:john_dory, 10, 1, 2
914, ocean, minecraft:ocean_trench, HYBRID_AQUATIC_FISH, hybrid-aquatic:manta_ray, 10, 1, 2
915, ocean, minecraft:ocean_trench, HYBRID_AQUATIC_FISH, hybrid-aquatic:oarfish, 10, 1, 2
916, ocean, minecraft:ocean_trench, HYBRID_AQUATIC_FISH, hybrid-aquatic:ocean_sunfish, 10, 1, 2
917, ocean, minecraft:ocean_trench, HYBRID_AQUATIC_FISH, hybrid-aquatic:opah, 10, 1, 2
918, ocean, minecraft:ocean_trench, HYBRID_AQUATIC_FISH, hybrid-aquatic:ratfish, 10, 1, 3
919, ocean, minecraft:ocean_trench, HYBRID_AQUATIC_FISH, hybrid-aquatic:sea_angel, 10, 1, 2
920, ocean, minecraft:ocean_trench, HYBRID_AQUATIC_FISH, hybrid-aquatic:sea_angel, 10, 1, 2
921, ocean, minecraft:ocean_trench, HYBRID_AQUATIC_FISH, hybrid-aquatic:snailfish, 10, 1, 3
922, ocean, minecraft:ocean_trench, HYBRID_AQUATIC_FISH, hybrid-aquatic:tuna, 10, 1, 4
923, ocean, minecraft:ocean_trench, HYBRID_AQUATIC_JELLY, hybrid-aquatic:big_red_jellyfish, 10, 1, 1
924, ocean, minecraft:ocean_trench, HYBRID_AQUATIC_JELLY, hybrid-aquatic:cosmic_jellyfish, 10, 1, 1
925, ocean, minecraft:ocean_trench, HYBRID_AQUATIC_JELLY, hybrid-aquatic:crown_jellyfish, 10, 1, 1
926, ocean, minecraft:ocean_trench, HYBRID_AQUATIC_JELLY, hybrid-aquatic:firework_jellyfish, 10, 1, 1
927, ocean, minecraft:ocean_trench, HYBRID_AQUATIC_JELLY, hybrid-aquatic:mauve_stinger, 10, 1, 3
928, ocean, minecraft:ocean_trench, HYBRID_AQUATIC_SHARK, hybrid-aquatic:basking_shark, 10, 1, 1
929, ocean, minecraft:ocean_trench, HYBRID_AQUATIC_SHARK, hybrid-aquatic:great_white_shark, 10, 1, 1
930, ocean, minecraft:ocean_trench, HYBRID_AQUATIC_SHARK, hybrid-aquatic:lantern_shark, 10, 1, 2
931, ocean, minecraft:ocean_trench, HYBRID_AQUATIC_SHARK, hybrid-aquatic:thresher_shark, 10, 1, 1
932, ocean, minecraft:ocean_trench, HYBRID_AQUATIC_CRUSTACEAN, hybrid-aquatic:yeti_crab, 10, 1, 2
933, ocean, minecraft:ocean_trench, HYBRID_AQUATIC_CRUSTACEAN, hybrid-aquatic:yeti_crab, 10, 1, 2
934, ocean, minecraft:ocean_trench, HYBRID_AQUATIC_CRITTER, hybrid-aquatic:sea_cucumber, 10, 1, 2
935, ocean, minecraft:ocean_trench, HYBRID_AQUATIC_CRITTER, hybrid-aquatic:sea_cucumber, 10, 1, 2
936, ocean, minecraft:ocean_trench, HYBRID_AQUATIC_CRITTER, hybrid-aquatic:sea_urchin, 10, 0, 2
937, ocean, minecraft:ocean_trench, HYBRID_AQUATIC_CRITTER, hybrid-aquatic:sea_urchin, 10, 0, 2
938, ocean, minecraft:ocean_trench, HYBRID_AQUATIC_CRITTER, hybrid-aquatic:starfish, 10, 0, 2
939, ocean, minecraft:ocean_trench, HYBRID_AQUATIC_CRITTER, hybrid-aquatic:starfish, 10, 0, 2
940, forest, minecraft:old_growth_birch_forest, MONSTER, minecraft:spider, 80, 4, 4
941, forest, minecraft:old_growth_birch_forest, MONSTER, minecraft:zombie, 80, 4, 4
942, forest, minecraft:old_growth_birch_forest, MONSTER, minecraft:zombie_villager, 10, 1, 1
943, forest, minecraft:old_growth_birch_forest, MONSTER, minecraft:skeleton, 80, 4, 4
944, forest, minecraft:old_growth_birch_forest, MONSTER, minecraft:creeper, 80, 4, 4
945, forest, minecraft:old_growth_birch_forest, MONSTER, minecraft:slime, 80, 4, 4
946, forest, minecraft:old_growth_birch_forest, MONSTER, minecraft:witch, 10, 1, 1
947, forest, minecraft:old_growth_birch_forest, MONSTER, rottencreatures:undead_miner, 20, 1, 4
948, forest, minecraft:old_growth_birch_forest, MONSTER, endermanoverhaul:cave_enderman, 10, 1, 2
949, forest, minecraft:old_growth_birch_forest, MONSTER, endermanoverhaul:dark_oak_enderman, 10, 1, 4
950, forest, minecraft:old_growth_birch_forest, CREATURE, minecraft:sheep, 12, 4, 4
951, forest, minecraft:old_growth_birch_forest, CREATURE, minecraft:pig, 10, 4, 4
952, forest, minecraft:old_growth_birch_forest, CREATURE, minecraft:chicken, 10, 4, 4
953, forest, minecraft:old_growth_birch_forest, CREATURE, minecraft:cow, 10, 4, 4
954, forest, minecraft:old_growth_birch_forest, CREATURE, naturalist:bear, 10, 1, 2
955, forest, minecraft:old_growth_birch_forest, CREATURE, naturalist:boar, 15, 4, 4
956, forest, minecraft:old_growth_birch_forest, CREATURE, naturalist:cardinal, 10, 1, 4
957, forest, minecraft:old_growth_birch_forest, CREATURE, naturalist:deer, 10, 1, 3
958, forest, minecraft:old_growth_birch_forest, CREATURE, naturalist:finch, 10, 1, 4
959, forest, minecraft:old_growth_birch_forest, CREATURE, minecraft:fox, 10, 2, 4
960, forest, minecraft:old_growth_birch_forest, CREATURE, naturalist:lizard, 15, 1, 2
961, forest, minecraft:old_growth_birch_forest, CREATURE, minecraft:rabbit, 10, 2, 3
962, forest, minecraft:old_growth_birch_forest, CREATURE, naturalist:robin, 10, 1, 4
963, forest, minecraft:old_growth_birch_forest, CREATURE, naturalist:snail, 10, 1, 3
964, forest, minecraft:old_growth_birch_forest, CREATURE, naturalist:snake, 10, 1, 1
965, forest, minecraft:old_growth_birch_forest, AMBIENT, minecraft:bat, 10, 8, 8
966, forest, minecraft:old_growth_birch_forest, UNDERGROUND_WATER_CREATURE, minecraft:glow_squid, 10, 4, 6
967, taiga, minecraft:old_growth_pine_taiga, MONSTER, minecraft:spider, 80, 4, 4
968, taiga, minecraft:old_growth_pine_taiga, MONSTER, minecraft:zombie, 80, 4, 4
969, taiga, minecraft:old_growth_pine_taiga, MONSTER, minecraft:zombie_villager, 25, 1, 1
970, taiga, minecraft:old_growth_pine_taiga, MONSTER, minecraft:skeleton, 80, 4, 4
971, taiga, minecraft:old_growth_pine_taiga, MONSTER, minecraft:slime, 80, 4, 4
972, taiga, minecraft:old_growth_pine_taiga, MONSTER, minecraft:enderman, 10, 1, 4
973, taiga, minecraft:old_growth_pine_taiga, MONSTER, minecraft:witch, 10, 1, 1
974, taiga, minecraft:old_growth_pine_taiga, MONSTER, rottencreatures:undead_miner, 20, 1, 4
975, taiga, minecraft:old_growth_pine_taiga, MONSTER, creeperoverhaul:cave_creeper, 75, 2, 2
976, taiga, minecraft:old_growth_pine_taiga, MONSTER, creeperoverhaul:spruce_creeper, 75, 2, 2
977, taiga, minecraft:old_growth_pine_taiga, CREATURE, minecraft:sheep, 12, 4, 4
978, taiga, minecraft:old_growth_pine_taiga, CREATURE, minecraft:pig, 10, 4, 4
979, taiga, minecraft:old_growth_pine_taiga, CREATURE, minecraft:chicken, 10, 4, 4
980, taiga, minecraft:old_growth_pine_taiga, CREATURE, minecraft:cow, 10, 4, 4
981, taiga, minecraft:old_growth_pine_taiga, CREATURE, minecraft:wolf, 10, 4, 4
982, taiga, minecraft:old_growth_pine_taiga, CREATURE, minecraft:rabbit, 10, 2, 3
983, taiga, minecraft:old_growth_pine_taiga, CREATURE, minecraft:fox, 10, 2, 4
984, taiga, minecraft:old_growth_pine_taiga, CREATURE, naturalist:bear, 10, 1, 2
985, taiga, minecraft:old_growth_pine_taiga, CREATURE, naturalist:bluejay, 10, 1, 4
986, taiga, minecraft:old_growth_pine_taiga, AMBIENT, minecraft:bat, 10, 8, 8
987, taiga, minecraft:old_growth_pine_taiga, UNDERGROUND_WATER_CREATURE, minecraft:glow_squid, 10, 4, 6
988, taiga, minecraft:old_growth_spruce_taiga, MONSTER, minecraft:spider, 80, 4, 4
989, taiga, minecraft:old_growth_spruce_taiga, MONSTER, minecraft:zombie, 80, 4, 4
990, taiga, minecraft:old_growth_spruce_taiga, MONSTER, minecraft:zombie_villager, 10, 1, 1
991, taiga, minecraft:old_growth_spruce_taiga, MONSTER, minecraft:skeleton, 80, 4, 4
992, taiga, minecraft:old_growth_spruce_taiga, MONSTER, minecraft:slime, 80, 4, 4
993, taiga, minecraft:old_growth_spruce_taiga, MONSTER, minecraft:witch, 10, 1, 1
994, taiga, minecraft:old_growth_spruce_taiga, MONSTER, rottencreatures:undead_miner, 20, 1, 4
995, taiga, minecraft:old_growth_spruce_taiga, MONSTER, creeperoverhaul:cave_creeper, 75, 2, 2
996, taiga, minecraft:old_growth_spruce_taiga, MONSTER, endermanoverhaul:cave_enderman, 10, 1, 2
997, taiga, minecraft:old_growth_spruce_taiga, MONSTER, endermanoverhaul:dark_oak_enderman, 10, 1, 4
998, taiga, minecraft:old_growth_spruce_taiga, MONSTER, creeperoverhaul:spruce_creeper, 75, 2, 2
999, taiga, minecraft:old_growth_spruce_taiga, CREATURE, minecraft:sheep, 12, 4, 4
1000, taiga, minecraft:old_growth_spruce_taiga, CREATURE, minecraft:pig, 10, 4, 4
1001, taiga, minecraft:old_growth_spruce_taiga, CREATURE, minecraft:chicken, 10, 4, 4
1002, taiga, minecraft:old_growth_spruce_taiga, CREATURE, minecraft:cow, 10, 4, 4
1003, taiga, minecraft:old_growth_spruce_taiga, CREATURE, minecraft:wolf, 10, 4, 4
1004, taiga, minecraft:old_growth_spruce_taiga, CREATURE, minecraft:rabbit, 10, 2, 3
1005, taiga, minecraft:old_growth_spruce_taiga, CREATURE, minecraft:fox, 10, 2, 4
1006, taiga, minecraft:old_growth_spruce_taiga, CREATURE, naturalist:bear, 10, 1, 2
1007, taiga, minecraft:old_growth_spruce_taiga, CREATURE, naturalist:bluejay, 10, 1, 4
1008, taiga, minecraft:old_growth_spruce_taiga, AMBIENT, minecraft:bat, 10, 8, 8
1009, taiga, minecraft:old_growth_spruce_taiga, UNDERGROUND_WATER_CREATURE, minecraft:glow_squid, 10, 4, 6
1010, private, galosphere:pink_salt_caves, MONSTER, minecraft:spider, 80, 4, 4
1011, private, galosphere:pink_salt_caves, MONSTER, minecraft:zombie, 80, 4, 4
1012, private, galosphere:pink_salt_caves, MONSTER, minecraft:zombie_villager, 10, 1, 1
1013, private, galosphere:pink_salt_caves, MONSTER, minecraft:skeleton, 80, 4, 4
1014, private, galosphere:pink_salt_caves, MONSTER, minecraft:creeper, 80, 4, 4
1015, private, galosphere:pink_salt_caves, MONSTER, minecraft:slime, 80, 4, 4
1016, private, galosphere:pink_salt_caves, MONSTER, minecraft:enderman, 10, 1, 4
1017, private, galosphere:pink_salt_caves, MONSTER, minecraft:witch, 10, 1, 1
1018, private, galosphere:pink_salt_caves, AMBIENT, minecraft:bat, 10, 8, 8
1019, private, galosphere:pink_salt_caves, UNDERGROUND_WATER_CREATURE, minecraft:glow_squid, 10, 4, 6
1020, plains, minecraft:plains, MONSTER, minecraft:spider, 80, 4, 4
1021, plains, minecraft:plains, MONSTER, minecraft:zombie, 80, 4, 4
1022, plains, minecraft:plains, MONSTER, minecraft:zombie_villager, 10, 1, 1
1023, plains, minecraft:plains, MONSTER, minecraft:skeleton, 80, 4, 4
1024, plains, minecraft:plains, MONSTER, minecraft:creeper, 80, 4, 4
1025, plains, minecraft:plains, MONSTER, minecraft:slime, 80, 4, 4
1026, plains, minecraft:plains, MONSTER, minecraft:enderman, 10, 1, 4
1027, plains, minecraft:plains, MONSTER, minecraft:witch, 10, 1, 1
1028, plains, minecraft:plains, MONSTER, rottencreatures:undead_miner, 20, 1, 4
1029, plains, minecraft:plains, CREATURE, minecraft:sheep, 12, 4, 4
1030, plains, minecraft:plains, CREATURE, minecraft:pig, 10, 4, 4
1031, plains, minecraft:plains, CREATURE, minecraft:chicken, 10, 4, 4
1032, plains, minecraft:plains, CREATURE, minecraft:cow, 10, 4, 4
1033, plains, minecraft:plains, CREATURE, minecraft:horse, 10, 2, 6
1034, plains, minecraft:plains, CREATURE, minecraft:donkey, 10, 1, 3
1035, plains, minecraft:plains, CREATURE, naturalist:robin, 10, 1, 4
1036, plains, minecraft:plains, CREATURE, naturalist:snail, 10, 1, 3
1037, plains, minecraft:plains, CREATURE, naturalist:snake, 10, 1, 1
1038, plains, minecraft:plains, CREATURE, naturalist:sparrow, 10, 1, 4
1039, plains, minecraft:plains, CREATURE, ecologics:squirrel, 10, 2, 3
1040, plains, minecraft:plains, AMBIENT, minecraft:bat, 10, 8, 8
1041, plains, minecraft:plains, UNDERGROUND_WATER_CREATURE, minecraft:glow_squid, 10, 4, 6
1042, private, spectrum:razor_edge, MONSTER, minecraft:zombie, 80, 4, 4
1043, private, spectrum:razor_edge, MONSTER, minecraft:skeleton, 80, 4, 4
1044, private, spectrum:razor_edge, MONSTER, minecraft:creeper, 80, 4, 4
1045, private, spectrum:razor_edge, MONSTER, minecraft:stray, 80, 4, 8
1046, private, spectrum:razor_edge, MONSTER, minecraft:phantom, 10, 1, 2
1047, private, spectrum:razor_edge, AMBIENT, minecraft:bat, 10, 8, 8
1048, river, minecraft:river, MONSTER, minecraft:spider, 80, 4, 4
1049, river, minecraft:river, MONSTER, minecraft:zombie, 80, 4, 4
1050, river, minecraft:river, MONSTER, minecraft:zombie_villager, 10, 1, 1
1051, river, minecraft:river, MONSTER, minecraft:skeleton, 80, 4, 4
1052, river, minecraft:river, MONSTER, minecraft:creeper, 80, 4, 4
1053, river, minecraft:river, MONSTER, minecraft:slime, 80, 4, 4
1054, river, minecraft:river, MONSTER, minecraft:enderman, 10, 1, 4
1055, river, minecraft:river, MONSTER, minecraft:witch, 10, 1, 1
1056, river, minecraft:river, MONSTER, minecraft:drowned, 80, 1, 1
1057, river, minecraft:river, MONSTER, rottencreatures:undead_miner, 20, 1, 4
1058, river, minecraft:river, CREATURE, naturalist:alligator, 15, 1, 2
1059, river, minecraft:river, CREATURE, naturalist:coral_snake, 10, 1, 1
1060, river, minecraft:river, CREATURE, naturalist:duck, 15, 1, 3
1061, river, minecraft:river, CREATURE, naturalist:snail, 10, 1, 3
1062, river, minecraft:river, AMBIENT, minecraft:bat, 10, 8, 8
1063, river, minecraft:river, UNDERGROUND_WATER_CREATURE, minecraft:glow_squid, 10, 4, 6
1064, river, minecraft:river, WATER_CREATURE, minecraft:squid, 10, 1, 4
1065, river, minecraft:river, WATER_AMBIENT, minecraft:salmon, 10, 1, 5
1066, river, minecraft:river, WATER_AMBIENT, naturalist:bass, 10, 4, 4
1067, river, minecraft:river, HYBRID_AQUATIC_RIVER_FISH, hybrid-aquatic:carp, 10, 0, 2
1068, river, minecraft:river, HYBRID_AQUATIC_RIVER_FISH, hybrid-aquatic:golden_dorado, 10, 1, 1
1069, river, minecraft:river, HYBRID_AQUATIC_RIVER_FISH, hybrid-aquatic:shiner, 10, 1, 2
1070, river, minecraft:river, HYBRID_AQUATIC_RIVER_FISH, hybrid-aquatic:sunfish, 10, 1, 2
1071, river, minecraft:river, HYBRID_AQUATIC_RIVER_FISH, hybrid-aquatic:trout, 10, 0, 1
1072, river, minecraft:river, HYBRID_AQUATIC_CRUSTACEAN, hybrid-aquatic:crayfish, 10, 1, 2
1073, river, minecraft:river, HYBRID_AQUATIC_MAMMAL, hybrid-aquatic:otter, 10, 0, 2
1074, beach, minecraft:rocky_beach, MONSTER, minecraft:spider, 80, 4, 4
1075, beach, minecraft:rocky_beach, MONSTER, minecraft:zombie, 80, 4, 4
1076, beach, minecraft:rocky_beach, MONSTER, minecraft:zombie_villager, 10, 1, 1
1077, beach, minecraft:rocky_beach, MONSTER, minecraft:skeleton, 80, 4, 4
1078, beach, minecraft:rocky_beach, MONSTER, minecraft:slime, 80, 4, 4
1079, beach, minecraft:rocky_beach, MONSTER, minecraft:enderman, 10, 1, 4
1080, beach, minecraft:rocky_beach, MONSTER, minecraft:witch, 10, 1, 1
1081, beach, minecraft:rocky_beach, MONSTER, creeperoverhaul:beach_creeper, 75, 2, 2
1082, beach, minecraft:rocky_beach, MONSTER, rottencreatures:undead_miner, 20, 1, 4
1083, beach, minecraft:rocky_beach, MONSTER, rottencreatures:dead_beard, 10, 1, 1
1084, beach, minecraft:rocky_beach, MONSTER, creeperoverhaul:cave_creeper, 75, 2, 2
1085, beach, minecraft:rocky_beach, CREATURE, naturalist:coral_snake, 10, 1, 1
1086, beach, minecraft:rocky_beach, AMBIENT, minecraft:bat, 10, 8, 8
1087, beach, minecraft:rocky_beach, UNDERGROUND_WATER_CREATURE, minecraft:glow_squid, 10, 4, 6
1088, savanna, minecraft:savanna, MONSTER, minecraft:spider, 80, 4, 4
1089, savanna, minecraft:savanna, MONSTER, minecraft:zombie, 80, 4, 4
1090, savanna, minecraft:savanna, MONSTER, minecraft:zombie_villager, 10, 1, 1
1091, savanna, minecraft:savanna, MONSTER, minecraft:skeleton, 80, 4, 4
1092, savanna, minecraft:savanna, MONSTER, minecraft:slime, 80, 4, 4
1093, savanna, minecraft:savanna, MONSTER, minecraft:witch, 10, 1, 1
1094, savanna, minecraft:savanna, MONSTER, rottencreatures:undead_miner, 20, 1, 4
1095, savanna, minecraft:savanna, MONSTER, creeperoverhaul:cave_creeper, 75, 2, 2
1096, savanna, minecraft:savanna, MONSTER, endermanoverhaul:cave_enderman, 10, 1, 2
1097, savanna, minecraft:savanna, MONSTER, endermanoverhaul:savanna_enderman, 10, 1, 4
1098, savanna, minecraft:savanna, MONSTER, creeperoverhaul:savannah_creeper, 75, 2, 2
1099, savanna, minecraft:savanna, CREATURE, minecraft:sheep, 12, 4, 4
1100, savanna, minecraft:savanna, CREATURE, minecraft:pig, 10, 4, 4
1101, savanna, minecraft:savanna, CREATURE, minecraft:chicken, 10, 4, 4
1102, savanna, minecraft:savanna, CREATURE, minecraft:cow, 10, 4, 4
1103, savanna, minecraft:savanna, CREATURE, minecraft:horse, 10, 2, 6
1104, savanna, minecraft:savanna, CREATURE, minecraft:donkey, 10, 1, 1
1105, savanna, minecraft:savanna, CREATURE, naturalist:boar, 15, 4, 4
1106, savanna, minecraft:savanna, CREATURE, naturalist:cardinal, 10, 1, 4
1107, savanna, minecraft:savanna, CREATURE, naturalist:elephant, 10, 2, 3
1108, savanna, minecraft:savanna, CREATURE, naturalist:finch, 10, 1, 4
1109, savanna, minecraft:savanna, CREATURE, naturalist:giraffe, 10, 2, 4
1110, savanna, minecraft:savanna, CREATURE, naturalist:hippo, 15, 3, 4
1111, savanna, minecraft:savanna, CREATURE, naturalist:lion, 10, 3, 5
1112, savanna, minecraft:savanna, CREATURE, naturalist:lizard, 15, 1, 2
1113, savanna, minecraft:savanna, CREATURE, naturalist:rattlesnake, 10, 1, 1
1114, savanna, minecraft:savanna, CREATURE, naturalist:rhino, 15, 1, 3
1115, savanna, minecraft:savanna, CREATURE, naturalist:snail, 10, 1, 3
1116, savanna, minecraft:savanna, CREATURE, naturalist:vulture, 15, 2, 4
1117, savanna, minecraft:savanna, CREATURE, naturalist:zebra, 10, 2, 3
1118, savanna, minecraft:savanna, AMBIENT, minecraft:bat, 10, 8, 8
1119, savanna, minecraft:savanna, UNDERGROUND_WATER_CREATURE, minecraft:glow_squid, 10, 4, 6
1120, private, minecraft:savanna_plateau, MONSTER, minecraft:spider, 80, 4, 4
1121, private, minecraft:savanna_plateau, MONSTER, minecraft:zombie, 80, 4, 4
1122, private, minecraft:savanna_plateau, MONSTER, minecraft:zombie_villager, 10, 1, 1
1123, private, minecraft:savanna_plateau, MONSTER, minecraft:skeleton, 80, 4, 4
1124, private, minecraft:savanna_plateau, MONSTER, minecraft:slime, 80, 4, 4
1125, private, minecraft:savanna_plateau, MONSTER, minecraft:witch, 10, 1, 1
1126, private, minecraft:savanna_plateau, MONSTER, rottencreatures:undead_miner, 20, 1, 4
1127, private, minecraft:savanna_plateau, MONSTER, creeperoverhaul:cave_creeper, 75, 2, 2
1128, private, minecraft:savanna_plateau, MONSTER, endermanoverhaul:cave_enderman, 10, 1, 2
1129, private, minecraft:savanna_plateau, MONSTER, endermanoverhaul:dark_oak_enderman, 10, 1, 4
1130, private, minecraft:savanna_plateau, MONSTER, endermanoverhaul:savanna_enderman, 10, 1, 4
1131, private, minecraft:savanna_plateau, MONSTER, creeperoverhaul:savannah_creeper, 75, 2, 2
1132, private, minecraft:savanna_plateau, CREATURE, minecraft:sheep, 12, 4, 4
1133, private, minecraft:savanna_plateau, CREATURE, minecraft:pig, 10, 4, 4
1134, private, minecraft:savanna_plateau, CREATURE, minecraft:chicken, 10, 4, 4
1135, private, minecraft:savanna_plateau, CREATURE, minecraft:cow, 10, 4, 4
1136, private, minecraft:savanna_plateau, CREATURE, minecraft:horse, 10, 2, 6
1137, private, minecraft:savanna_plateau, CREATURE, minecraft:donkey, 10, 1, 1
1138, private, minecraft:savanna_plateau, CREATURE, minecraft:llama, 10, 4, 4
1139, private, minecraft:savanna_plateau, CREATURE, naturalist:boar, 15, 4, 4
1140, private, minecraft:savanna_plateau, CREATURE, naturalist:cardinal, 10, 1, 4
1141, private, minecraft:savanna_plateau, CREATURE, naturalist:elephant, 10, 2, 3
1142, private, minecraft:savanna_plateau, CREATURE, naturalist:finch, 10, 1, 4
1143, private, minecraft:savanna_plateau, CREATURE, naturalist:giraffe, 10, 2, 4
1144, private, minecraft:savanna_plateau, CREATURE, naturalist:hippo, 15, 3, 4
1145, private, minecraft:savanna_plateau, CREATURE, naturalist:lion, 10, 3, 5
1146, private, minecraft:savanna_plateau, CREATURE, naturalist:lizard, 15, 1, 2
1147, private, minecraft:savanna_plateau, CREATURE, naturalist:rattlesnake, 10, 1, 1
1148, private, minecraft:savanna_plateau, CREATURE, naturalist:rhino, 15, 1, 3
1149, private, minecraft:savanna_plateau, CREATURE, naturalist:snail, 10, 1, 3
1150, private, minecraft:savanna_plateau, CREATURE, naturalist:vulture, 15, 2, 4
1151, private, minecraft:savanna_plateau, CREATURE, naturalist:zebra, 10, 2, 3
1152, private, minecraft:savanna_plateau, AMBIENT, minecraft:bat, 10, 8, 8
1153, private, minecraft:savanna_plateau, UNDERGROUND_WATER_CREATURE, minecraft:glow_squid, 10, 4, 6
1154, private, minecraft:small_end_islands, MONSTER, minecraft:enderman, 10, 4, 4
1155, private, minecraft:small_end_islands, MONSTER, endermanoverhaul:end_enderman, 10, 1, 2
1156, beach, minecraft:snowy_beach, MONSTER, minecraft:spider, 80, 4, 4
1157, beach, minecraft:snowy_beach, MONSTER, minecraft:zombie, 80, 4, 4
1158, beach, minecraft:snowy_beach, MONSTER, minecraft:zombie_villager, 10, 1, 1
1159, beach, minecraft:snowy_beach, MONSTER, minecraft:skeleton, 80, 4, 4
1160, beach, minecraft:snowy_beach, MONSTER, minecraft:slime, 80, 4, 4
1161, beach, minecraft:snowy_beach, MONSTER, minecraft:witch, 10, 1, 1
1162, beach, minecraft:snowy_beach, MONSTER, creeperoverhaul:beach_creeper, 75, 2, 2
1163, beach, minecraft:snowy_beach, MONSTER, rottencreatures:undead_miner, 20, 1, 4
1164, beach, minecraft:snowy_beach, MONSTER, rottencreatures:dead_beard, 10, 1, 1
1165, beach, minecraft:snowy_beach, MONSTER, creeperoverhaul:cave_creeper, 75, 2, 2
1166, beach, minecraft:snowy_beach, MONSTER, creeperoverhaul:cave_creeper, 75, 2, 2
1167, beach, minecraft:snowy_beach, MONSTER, endermanoverhaul:cave_enderman, 10, 1, 2
1168, beach, minecraft:snowy_beach, MONSTER, creeperoverhaul:snowy_creeper, 75, 2, 2
1169, beach, minecraft:snowy_beach, MONSTER, endermanoverhaul:snowy_enderman, 10, 1, 4
1170, beach, minecraft:snowy_beach, CREATURE, naturalist:bluejay, 10, 1, 4
1171, beach, minecraft:snowy_beach, CREATURE, naturalist:coral_snake, 10, 1, 1
1172, beach, minecraft:snowy_beach, AMBIENT, minecraft:bat, 10, 8, 8
1173, beach, minecraft:snowy_beach, UNDERGROUND_WATER_CREATURE, minecraft:glow_squid, 10, 4, 6
1174, icy, minecraft:snowy_plains, MONSTER, minecraft:spider, 80, 4, 4
1175, icy, minecraft:snowy_plains, MONSTER, minecraft:zombie, 80, 4, 4
1176, icy, minecraft:snowy_plains, MONSTER, minecraft:zombie_villager, 10, 1, 1
1177, icy, minecraft:snowy_plains, MONSTER, minecraft:skeleton, 20, 4, 4
1178, icy, minecraft:snowy_plains, MONSTER, minecraft:slime, 80, 4, 4
1179, icy, minecraft:snowy_plains, MONSTER, minecraft:witch, 10, 1, 1
1180, icy, minecraft:snowy_plains, MONSTER, minecraft:stray, 80, 4, 4
1181, icy, minecraft:snowy_plains, MONSTER, rottencreatures:frostbitten, 80, 4, 4
1182, icy, minecraft:snowy_plains, MONSTER, rottencreatures:glacial_hunter, 20, 1, 3
1183, icy, minecraft:snowy_plains, MONSTER, rottencreatures:undead_miner, 20, 1, 4
1184, icy, minecraft:snowy_plains, MONSTER, creeperoverhaul:cave_creeper, 75, 2, 2
1185, icy, minecraft:snowy_plains, MONSTER, endermanoverhaul:cave_enderman, 10, 1, 2
1186, icy, minecraft:snowy_plains, MONSTER, creeperoverhaul:snowy_creeper, 75, 2, 2
1187, icy, minecraft:snowy_plains, MONSTER, endermanoverhaul:snowy_enderman, 10, 1, 4
1188, icy, minecraft:snowy_plains, CREATURE, minecraft:rabbit, 10, 2, 3
1189, icy, minecraft:snowy_plains, CREATURE, minecraft:polar_bear, 10, 1, 2
1190, icy, minecraft:snowy_plains, CREATURE, naturalist:bluejay, 10, 1, 4
1191, icy, minecraft:snowy_plains, CREATURE, ecologics:penguin, 10, 4, 5
1192, icy, minecraft:snowy_plains, AMBIENT, minecraft:bat, 10, 8, 8
1193, icy, minecraft:snowy_plains, UNDERGROUND_WATER_CREATURE, minecraft:glow_squid, 10, 4, 6
1194, icy, minecraft:snowy_slopes, MONSTER, minecraft:spider, 80, 4, 4
1195, icy, minecraft:snowy_slopes, MONSTER, minecraft:zombie, 80, 4, 4
1196, icy, minecraft:snowy_slopes, MONSTER, minecraft:zombie_villager, 10, 1, 1
1197, icy, minecraft:snowy_slopes, MONSTER, minecraft:skeleton, 80, 4, 4
1198, icy, minecraft:snowy_slopes, MONSTER, minecraft:slime, 80, 4, 4
1199, icy, minecraft:snowy_slopes, MONSTER, minecraft:witch, 10, 1, 1
1200, icy, minecraft:snowy_slopes, MONSTER, rottencreatures:frostbitten, 80, 4, 4
1201, icy, minecraft:snowy_slopes, MONSTER, rottencreatures:glacial_hunter, 20, 1, 3
1202, icy, minecraft:snowy_slopes, MONSTER, rottencreatures:undead_miner, 20, 1, 4
1203, icy, minecraft:snowy_slopes, MONSTER, creeperoverhaul:cave_creeper, 75, 2, 2
1204, icy, minecraft:snowy_slopes, MONSTER, creeperoverhaul:cave_creeper, 75, 2, 2
1205, icy, minecraft:snowy_slopes, MONSTER, endermanoverhaul:cave_enderman, 10, 1, 2
1206, icy, minecraft:snowy_slopes, MONSTER, creeperoverhaul:snowy_creeper, 75, 2, 2
1207, icy, minecraft:snowy_slopes, MONSTER, endermanoverhaul:snowy_enderman, 10, 1, 4
1208, icy, minecraft:snowy_slopes, CREATURE, minecraft:rabbit, 10, 2, 3
1209, icy, minecraft:snowy_slopes, CREATURE, minecraft:goat, 10, 1, 3
1210, icy, minecraft:snowy_slopes, CREATURE, naturalist:bluejay, 10, 1, 4
1211, icy, minecraft:snowy_slopes, CREATURE, naturalist:canary, 10, 1, 4
1212, icy, minecraft:snowy_slopes, CREATURE, naturalist:robin, 10, 1, 4
1213, icy, minecraft:snowy_slopes, CREATURE, naturalist:snail, 10, 1, 3
1214, icy, minecraft:snowy_slopes, AMBIENT, minecraft:bat, 10, 8, 8
1215, icy, minecraft:snowy_slopes, UNDERGROUND_WATER_CREATURE, minecraft:glow_squid, 10, 4, 6
1216, icy, minecraft:snowy_taiga, MONSTER, minecraft:spider, 80, 4, 4
1217, icy, minecraft:snowy_taiga, MONSTER, minecraft:zombie, 80, 4, 4
1218, icy, minecraft:snowy_taiga, MONSTER, minecraft:zombie_villager, 10, 1, 1
1219, icy, minecraft:snowy_taiga, MONSTER, minecraft:skeleton, 80, 4, 4
1220, icy, minecraft:snowy_taiga, MONSTER, minecraft:slime, 80, 4, 4
1221, icy, minecraft:snowy_taiga, MONSTER, minecraft:witch, 10, 1, 1
1222, icy, minecraft:snowy_taiga, MONSTER, rottencreatures:frostbitten, 80, 4, 4
1223, icy, minecraft:snowy_taiga, MONSTER, rottencreatures:glacial_hunter, 20, 1, 3
1224, icy, minecraft:snowy_taiga, MONSTER, rottencreatures:undead_miner, 20, 1, 4
1225, icy, minecraft:snowy_taiga, MONSTER, creeperoverhaul:cave_creeper, 75, 2, 2
1226, icy, minecraft:snowy_taiga, MONSTER, creeperoverhaul:cave_creeper, 75, 2, 2
1227, icy, minecraft:snowy_taiga, MONSTER, endermanoverhaul:cave_enderman, 10, 1, 2
1228, icy, minecraft:snowy_taiga, MONSTER, creeperoverhaul:snowy_creeper, 75, 2, 2
1229, icy, minecraft:snowy_taiga, MONSTER, endermanoverhaul:snowy_enderman, 10, 1, 4
1230, icy, minecraft:snowy_taiga, MONSTER, creeperoverhaul:spruce_creeper, 75, 2, 2
1231, icy, minecraft:snowy_taiga, CREATURE, minecraft:sheep, 12, 4, 4
1232, icy, minecraft:snowy_taiga, CREATURE, minecraft:pig, 10, 4, 4
1233, icy, minecraft:snowy_taiga, CREATURE, minecraft:chicken, 10, 4, 4
1234, icy, minecraft:snowy_taiga, CREATURE, minecraft:cow, 10, 4, 4
1235, icy, minecraft:snowy_taiga, CREATURE, minecraft:wolf, 10, 4, 4
1236, icy, minecraft:snowy_taiga, CREATURE, minecraft:rabbit, 10, 2, 3
1237, icy, minecraft:snowy_taiga, CREATURE, minecraft:fox, 10, 2, 4
1238, icy, minecraft:snowy_taiga, CREATURE, naturalist:bear, 10, 1, 2
1239, icy, minecraft:snowy_taiga, CREATURE, naturalist:bluejay, 10, 1, 4
1240, icy, minecraft:snowy_taiga, AMBIENT, minecraft:bat, 10, 8, 8
1241, icy, minecraft:snowy_taiga, UNDERGROUND_WATER_CREATURE, minecraft:glow_squid, 10, 4, 6
1242, nether, minecraft:soul_sand_valley, MONSTER, minecraft:skeleton, 20, 5, 5
1243, nether, minecraft:soul_sand_valley, MONSTER, minecraft:ghast, 50, 4, 4
1244, nether, minecraft:soul_sand_valley, MONSTER, endermanoverhaul:soulsand_valley_enderman, 10, 1, 2
1245, nether, minecraft:soul_sand_valley, MONSTER, minecraft:zombified_piglin, 10, 1, 4
1246, nether, minecraft:soul_sand_valley, CREATURE, minecraft:strider, 60, 1, 2
1247, jungle, minecraft:sparse_jungle, MONSTER, minecraft:spider, 80, 4, 4
1248, jungle, minecraft:sparse_jungle, MONSTER, minecraft:zombie, 80, 4, 4
1249, jungle, minecraft:sparse_jungle, MONSTER, minecraft:zombie_villager, 10, 1, 1
1250, jungle, minecraft:sparse_jungle, MONSTER, minecraft:skeleton, 80, 4, 4
1251, jungle, minecraft:sparse_jungle, MONSTER, minecraft:slime, 80, 4, 4
1252, jungle, minecraft:sparse_jungle, MONSTER, minecraft:enderman, 10, 1, 4
1253, jungle, minecraft:sparse_jungle, MONSTER, minecraft:witch, 10, 1, 1
1254, jungle, minecraft:sparse_jungle, MONSTER, creeperoverhaul:bamboo_creeper, 75, 2, 2
1255, jungle, minecraft:sparse_jungle, MONSTER, rottencreatures:undead_miner, 20, 1, 4
1256, jungle, minecraft:sparse_jungle, MONSTER, creeperoverhaul:cave_creeper, 75, 2, 2
1257, jungle, minecraft:sparse_jungle, MONSTER, creeperoverhaul:jungle_creeper, 75, 2, 2
1258, jungle, minecraft:sparse_jungle, CREATURE, minecraft:sheep, 12, 4, 4
1259, jungle, minecraft:sparse_jungle, CREATURE, minecraft:pig, 10, 4, 4
1260, jungle, minecraft:sparse_jungle, CREATURE, minecraft:chicken, 10, 4, 4
1261, jungle, minecraft:sparse_jungle, CREATURE, minecraft:cow, 10, 4, 4
1262, jungle, minecraft:sparse_jungle, CREATURE, minecraft:chicken, 10, 4, 4
1263, jungle, minecraft:sparse_jungle, CREATURE, naturalist:coral_snake, 10, 1, 1
1264, jungle, minecraft:sparse_jungle, CREATURE, naturalist:hippo, 15, 3, 4
1265, jungle, minecraft:sparse_jungle, CREATURE, naturalist:lizard, 15, 1, 2
1266, jungle, minecraft:sparse_jungle, CREATURE, naturalist:tortoise, 10, 1, 3
1267, jungle, minecraft:sparse_jungle, AMBIENT, minecraft:bat, 10, 8, 8
1268, jungle, minecraft:sparse_jungle, UNDERGROUND_WATER_CREATURE, minecraft:glow_squid, 10, 4, 6
1269, jungle, minecraft:sparse_jungle, HYBRID_AQUATIC_RIVER_FISH, hybrid-aquatic:african_butterflyfish, 10, 1, 1
1270, jungle, minecraft:sparse_jungle, HYBRID_AQUATIC_RIVER_FISH, hybrid-aquatic:danio, 10, 2, 3
1271, jungle, minecraft:sparse_jungle, HYBRID_AQUATIC_RIVER_FISH, hybrid-aquatic:discus, 10, 1, 1
1272, jungle, minecraft:sparse_jungle, HYBRID_AQUATIC_RIVER_FISH, hybrid-aquatic:golden_dorado, 10, 1, 1
1273, jungle, minecraft:sparse_jungle, HYBRID_AQUATIC_RIVER_FISH, hybrid-aquatic:gourami, 10, 1, 1
1274, jungle, minecraft:sparse_jungle, HYBRID_AQUATIC_RIVER_FISH, hybrid-aquatic:oscar, 10, 1, 1
1275, jungle, minecraft:sparse_jungle, HYBRID_AQUATIC_RIVER_FISH, hybrid-aquatic:piranha, 10, 4, 8
1276, jungle, minecraft:sparse_jungle, HYBRID_AQUATIC_RIVER_FISH, hybrid-aquatic:pleco, 10, 1, 2
1277, jungle, minecraft:sparse_jungle, HYBRID_AQUATIC_RIVER_FISH, hybrid-aquatic:tetra, 10, 2, 3
1278, jungle, minecraft:sparse_jungle, HYBRID_AQUATIC_RIVER_FISH, hybrid-aquatic:tiger_barb, 10, 2, 3
1279, jungle, minecraft:sparse_jungle, HYBRID_AQUATIC_CRUSTACEAN, hybrid-aquatic:vampire_crab, 10, 1, 2
1280, extreme_hills, minecraft:stony_peaks, MONSTER, minecraft:spider, 80, 4, 4
1281, extreme_hills, minecraft:stony_peaks, MONSTER, minecraft:zombie, 80, 4, 4
1282, extreme_hills, minecraft:stony_peaks, MONSTER, minecraft:zombie_villager, 10, 1, 1
1283, extreme_hills, minecraft:stony_peaks, MONSTER, minecraft:skeleton, 80, 4, 4
1284, extreme_hills, minecraft:stony_peaks, MONSTER, minecraft:slime, 80, 4, 4
1285, extreme_hills, minecraft:stony_peaks, MONSTER, minecraft:enderman, 10, 1, 4
1286, extreme_hills, minecraft:stony_peaks, MONSTER, minecraft:witch, 10, 1, 1
1287, extreme_hills, minecraft:stony_peaks, MONSTER, rottencreatures:undead_miner, 20, 1, 4
1288, extreme_hills, minecraft:stony_peaks, MONSTER, creeperoverhaul:cave_creeper, 75, 2, 2
1289, extreme_hills, minecraft:stony_peaks, MONSTER, creeperoverhaul:hills_creeper, 75, 2, 2
1290, extreme_hills, minecraft:stony_peaks, CREATURE, naturalist:canary, 10, 1, 4
1291, extreme_hills, minecraft:stony_peaks, CREATURE, naturalist:robin, 10, 1, 4
1292, extreme_hills, minecraft:stony_peaks, CREATURE, naturalist:snail, 10, 1, 3
1293, extreme_hills, minecraft:stony_peaks, AMBIENT, minecraft:bat, 10, 8, 8
1294, extreme_hills, minecraft:stony_peaks, UNDERGROUND_WATER_CREATURE, minecraft:glow_squid, 10, 4, 6
1295, private, minecraft:stony_shore, MONSTER, minecraft:spider, 80, 4, 4
1296, private, minecraft:stony_shore, MONSTER, minecraft:zombie, 80, 4, 4
1297, private, minecraft:stony_shore, MONSTER, minecraft:zombie_villager, 10, 1, 1
1298, private, minecraft:stony_shore, MONSTER, minecraft:skeleton, 80, 4, 4
1299, private, minecraft:stony_shore, MONSTER, minecraft:creeper, 80, 4, 4
1300, private, minecraft:stony_shore, MONSTER, minecraft:slime, 80, 4, 4
1301, private, minecraft:stony_shore, MONSTER, minecraft:enderman, 10, 1, 4
1302, private, minecraft:stony_shore, MONSTER, minecraft:witch, 10, 1, 1
1303, private, minecraft:stony_shore, MONSTER, rottencreatures:undead_miner, 20, 1, 4
1304, private, minecraft:stony_shore, CREATURE, naturalist:coral_snake, 10, 1, 1
1305, private, minecraft:stony_shore, CREATURE, pesky_seagulls:seagull, 20, 3, 5
1306, private, minecraft:stony_shore, AMBIENT, minecraft:bat, 10, 8, 8
1307, private, minecraft:stony_shore, UNDERGROUND_WATER_CREATURE, minecraft:glow_squid, 10, 4, 6
1308, private, minecraft:stony_shore, HYBRID_AQUATIC_CRUSTACEAN, hybrid-aquatic:lightfoot_crab, 10, 1, 2
1309, private, minecraft:stony_shore, HYBRID_AQUATIC_MAMMAL, hybrid-aquatic:otter, 10, 0, 2
1310, private, minecraft:sunflower_plains, MONSTER, minecraft:spider, 80, 4, 4
1311, private, minecraft:sunflower_plains, MONSTER, minecraft:zombie, 80, 4, 4
1312, private, minecraft:sunflower_plains, MONSTER, minecraft:zombie_villager, 10, 1, 1
1313, private, minecraft:sunflower_plains, MONSTER, minecraft:skeleton, 80, 4, 4
1314, private, minecraft:sunflower_plains, MONSTER, minecraft:creeper, 80, 4, 4
1315, private, minecraft:sunflower_plains, MONSTER, minecraft:slime, 80, 4, 4
1316, private, minecraft:sunflower_plains, MONSTER, minecraft:witch, 10, 1, 1
1317, private, minecraft:sunflower_plains, MONSTER, rottencreatures:undead_miner, 20, 1, 4
1318, private, minecraft:sunflower_plains, MONSTER, endermanoverhaul:cave_enderman, 10, 1, 2
1319, private, minecraft:sunflower_plains, MONSTER, endermanoverhaul:flower_fields_enderman, 10, 1, 2
1320, private, minecraft:sunflower_plains, CREATURE, minecraft:sheep, 12, 4, 4
1321, private, minecraft:sunflower_plains, CREATURE, minecraft:pig, 10, 4, 4
1322, private, minecraft:sunflower_plains, CREATURE, minecraft:chicken, 10, 4, 4
1323, private, minecraft:sunflower_plains, CREATURE, minecraft:cow, 10, 4, 4
1324, private, minecraft:sunflower_plains, CREATURE, minecraft:horse, 10, 2, 6
1325, private, minecraft:sunflower_plains, CREATURE, minecraft:donkey, 10, 1, 3
1326, private, minecraft:sunflower_plains, CREATURE, naturalist:robin, 10, 1, 4
1327, private, minecraft:sunflower_plains, CREATURE, naturalist:snail, 10, 1, 3
1328, private, minecraft:sunflower_plains, CREATURE, naturalist:snake, 10, 1, 1
1329, private, minecraft:sunflower_plains, CREATURE, naturalist:sparrow, 10, 1, 4
1330, private, minecraft:sunflower_plains, AMBIENT, minecraft:bat, 10, 8, 8
1331, private, minecraft:sunflower_plains, UNDERGROUND_WATER_CREATURE, minecraft:glow_squid, 10, 4, 6
1332, swamp, minecraft:swamp, MONSTER, minecraft:spider, 80, 4, 4
1333, swamp, minecraft:swamp, MONSTER, minecraft:zombie, 80, 4, 4
1334, swamp, minecraft:swamp, MONSTER, minecraft:zombie_villager, 10, 1, 1
1335, swamp, minecraft:swamp, MONSTER, minecraft:skeleton, 80, 4, 4
1336, swamp, minecraft:swamp, MONSTER, minecraft:creeper, 80, 4, 4
1337, swamp, minecraft:swamp, MONSTER, minecraft:slime, 80, 4, 4
1338, swamp, minecraft:swamp, MONSTER, minecraft:witch, 10, 1, 1
1339, swamp, minecraft:swamp, MONSTER, minecraft:slime, 10, 1, 1
1340, swamp, minecraft:swamp, MONSTER, rottencreatures:undead_miner, 20, 1, 4
1341, swamp, minecraft:swamp, MONSTER, endermanoverhaul:cave_enderman, 10, 1, 2
1342, swamp, minecraft:swamp, MONSTER, endermanoverhaul:swamp_enderman, 10, 1, 4
1343, swamp, minecraft:swamp, CREATURE, minecraft:sheep, 12, 4, 4
1344, swamp, minecraft:swamp, CREATURE, minecraft:pig, 10, 4, 4
1345, swamp, minecraft:swamp, CREATURE, minecraft:chicken, 10, 4, 4
1346, swamp, minecraft:swamp, CREATURE, minecraft:cow, 10, 4, 4
1347, swamp, minecraft:swamp, CREATURE, minecraft:frog, 20, 2, 5
1348, swamp, minecraft:swamp, CREATURE, naturalist:alligator, 20, 1, 2
1349, swamp, minecraft:swamp, CREATURE, naturalist:cardinal, 10, 1, 4
1350, swamp, minecraft:swamp, CREATURE, naturalist:duck, 15, 1, 3
1351, swamp, minecraft:swamp, CREATURE, naturalist:lizard, 15, 1, 2
1352, swamp, minecraft:swamp, CREATURE, naturalist:snail, 10, 1, 3
1353, swamp, minecraft:swamp, CREATURE, naturalist:snake, 10, 1, 1
1354, swamp, minecraft:swamp, CREATURE, naturalist:tortoise, 10, 1, 3
1355, swamp, minecraft:swamp, AMBIENT, minecraft:bat, 10, 8, 8
1356, swamp, minecraft:swamp, AMBIENT, naturalist:dragonfly, 10, 2, 3
1357, swamp, minecraft:swamp, UNDERGROUND_WATER_CREATURE, minecraft:glow_squid, 10, 4, 6
1358, swamp, minecraft:swamp, WATER_AMBIENT, naturalist:bass, 10, 4, 4
1359, swamp, minecraft:swamp, WATER_AMBIENT, naturalist:catfish, 10, 1, 1
1360, swamp, minecraft:swamp, HYBRID_AQUATIC_RIVER_FISH, hybrid-aquatic:betta, 10, 1, 1
1361, swamp, minecraft:swamp, HYBRID_AQUATIC_RIVER_FISH, hybrid-aquatic:pleco, 10, 1, 2
1362, swamp, minecraft:swamp, HYBRID_AQUATIC_RIVER_FISH, hybrid-aquatic:tiger_barb, 10, 2, 3
1363, swamp, minecraft:swamp, HYBRID_AQUATIC_CRUSTACEAN, hybrid-aquatic:fiddler_crab, 15, 1, 2
1364, taiga, minecraft:taiga, MONSTER, minecraft:spider, 80, 4, 4
1365, taiga, minecraft:taiga, MONSTER, minecraft:zombie, 80, 4, 4
1366, taiga, minecraft:taiga, MONSTER, minecraft:zombie_villager, 10, 1, 1
1367, taiga, minecraft:taiga, MONSTER, minecraft:skeleton, 80, 4, 4
1368, taiga, minecraft:taiga, MONSTER, minecraft:slime, 80, 4, 4
1369, taiga, minecraft:taiga, MONSTER, minecraft:enderman, 10, 1, 4
1370, taiga, minecraft:taiga, MONSTER, minecraft:witch, 10, 1, 1
1371, taiga, minecraft:taiga, MONSTER, rottencreatures:undead_miner, 20, 1, 4
1372, taiga, minecraft:taiga, MONSTER, creeperoverhaul:cave_creeper, 75, 2, 2
1373, taiga, minecraft:taiga, MONSTER, creeperoverhaul:spruce_creeper, 75, 2, 2
1374, taiga, minecraft:taiga, CREATURE, minecraft:sheep, 12, 4, 4
1375, taiga, minecraft:taiga, CREATURE, minecraft:pig, 10, 4, 4
1376, taiga, minecraft:taiga, CREATURE, minecraft:chicken, 10, 4, 4
1377, taiga, minecraft:taiga, CREATURE, minecraft:cow, 10, 4, 4
1378, taiga, minecraft:taiga, CREATURE, minecraft:wolf, 10, 4, 4
1379, taiga, minecraft:taiga, CREATURE, minecraft:rabbit, 10, 2, 3
1380, taiga, minecraft:taiga, CREATURE, minecraft:fox, 10, 2, 4
1381, taiga, minecraft:taiga, CREATURE, naturalist:bear, 10, 1, 2
1382, taiga, minecraft:taiga, CREATURE, naturalist:bluejay, 10, 1, 4
1383, taiga, minecraft:taiga, AMBIENT, minecraft:bat, 10, 8, 8
1384, taiga, minecraft:taiga, UNDERGROUND_WATER_CREATURE, minecraft:glow_squid, 10, 4, 6
1385, private, minecraft:the_end, MONSTER, minecraft:enderman, 10, 4, 4
1386, private, minecraft:the_end, MONSTER, endermanoverhaul:end_enderman, 10, 1, 2
1387, ocean, minecraft:warm_ocean, MONSTER, minecraft:drowned, 10, 1, 1
1388, ocean, minecraft:warm_ocean, MONSTER, minecraft:spider, 80, 4, 4
1389, ocean, minecraft:warm_ocean, MONSTER, minecraft:zombie, 80, 4, 4
1390, ocean, minecraft:warm_ocean, MONSTER, minecraft:zombie_villager, 10, 1, 1
1391, ocean, minecraft:warm_ocean, MONSTER, minecraft:skeleton, 80, 4, 4
1392, ocean, minecraft:warm_ocean, MONSTER, minecraft:slime, 80, 4, 4
1393, ocean, minecraft:warm_ocean, MONSTER, minecraft:witch, 10, 1, 1
1394, ocean, minecraft:warm_ocean, MONSTER, rottencreatures:undead_miner, 20, 1, 4
1395, ocean, minecraft:warm_ocean, MONSTER, creeperoverhaul:cave_creeper, 75, 2, 2
1396, ocean, minecraft:warm_ocean, MONSTER, endermanoverhaul:cave_enderman, 10, 1, 2
1397, ocean, minecraft:warm_ocean, MONSTER, endermanoverhaul:coral_enderman, 10, 1, 2
1398, ocean, minecraft:warm_ocean, MONSTER, creeperoverhaul:ocean_creeper, 10, 1, 1
1399, ocean, minecraft:warm_ocean, AMBIENT, minecraft:bat, 10, 8, 8
1400, ocean, minecraft:warm_ocean, UNDERGROUND_WATER_CREATURE, minecraft:glow_squid, 10, 1, 1
1401, ocean, minecraft:warm_ocean, WATER_CREATURE, minecraft:squid, 10, 1, 1
1402, ocean, minecraft:warm_ocean, WATER_CREATURE, minecraft:dolphin, 10, 1, 2
1403, ocean, minecraft:warm_ocean, WATER_AMBIENT, minecraft:pufferfish, 15, 1, 3
1404, ocean, minecraft:warm_ocean, WATER_AMBIENT, minecraft:tropical_fish, 25, 8, 8
1405, ocean, minecraft:warm_ocean, HYBRID_AQUATIC_FISH, hybrid-aquatic:blowfish, 10, 1, 2
1406, ocean, minecraft:warm_ocean, HYBRID_AQUATIC_FISH, hybrid-aquatic:boxfish, 10, 1, 1
1407, ocean, minecraft:warm_ocean, HYBRID_AQUATIC_FISH, hybrid-aquatic:clownfish, 10, 1, 2
1408, ocean, minecraft:warm_ocean, HYBRID_AQUATIC_FISH, hybrid-aquatic:damselfish, 10, 4, 12
1409, ocean, minecraft:warm_ocean, HYBRID_AQUATIC_FISH, hybrid-aquatic:flashlight_fish, 10, 4, 12
1410, ocean, minecraft:warm_ocean, HYBRID_AQUATIC_FISH, hybrid-aquatic:lionfish, 10, 1, 2
1411, ocean, minecraft:warm_ocean, HYBRID_AQUATIC_FISH, hybrid-aquatic:moray_eel, 10, 1, 2
1412, ocean, minecraft:warm_ocean, HYBRID_AQUATIC_FISH, hybrid-aquatic:parrotfish, 10, 1, 2
1413, ocean, minecraft:warm_ocean, HYBRID_AQUATIC_FISH, hybrid-aquatic:seahorse, 10, 1, 2
1414, ocean, minecraft:warm_ocean, HYBRID_AQUATIC_FISH, hybrid-aquatic:squirrelfish, 10, 4, 12
1415, ocean, minecraft:warm_ocean, HYBRID_AQUATIC_FISH, hybrid-aquatic:stingray, 10, 1, 2
1416, ocean, minecraft:warm_ocean, HYBRID_AQUATIC_FISH, hybrid-aquatic:stonefish, 10, 1, 2
1417, ocean, minecraft:warm_ocean, HYBRID_AQUATIC_FISH, hybrid-aquatic:surgeonfish, 10, 1, 4
1418, ocean, minecraft:warm_ocean, HYBRID_AQUATIC_FISH, hybrid-aquatic:triggerfish, 10, 1, 1
1419, ocean, minecraft:warm_ocean, HYBRID_AQUATIC_CEPHALOPOD, hybrid-aquatic:cuttlefish, 10, 1, 1
1420, ocean, minecraft:warm_ocean, HYBRID_AQUATIC_CEPHALOPOD, hybrid-aquatic:firefly_squid, 10, 1, 2
1421, ocean, minecraft:warm_ocean, HYBRID_AQUATIC_CEPHALOPOD, hybrid-aquatic:octopus, 10, 1, 1
1422, ocean, minecraft:warm_ocean, HYBRID_AQUATIC_JELLY, hybrid-aquatic:box_jellyfish, 10, 1, 1
1423, ocean, minecraft:warm_ocean, HYBRID_AQUATIC_JELLY, hybrid-aquatic:moon_jellyfish, 10, 2, 5
1424, ocean, minecraft:warm_ocean, HYBRID_AQUATIC_CRUSTACEAN, hybrid-aquatic:decorator_crab, 10, 1, 2
1425, ocean, minecraft:warm_ocean, HYBRID_AQUATIC_CRUSTACEAN, hybrid-aquatic:flower_crab, 10, 1, 2
1426, ocean, minecraft:warm_ocean, HYBRID_AQUATIC_CRUSTACEAN, hybrid-aquatic:lobster, 10, 1, 2
1427, ocean, minecraft:warm_ocean, HYBRID_AQUATIC_CRUSTACEAN, hybrid-aquatic:shrimp, 10, 2, 3
1428, ocean, minecraft:warm_ocean, HYBRID_AQUATIC_CRITTER, hybrid-aquatic:sea_cucumber, 10, 1, 2
1429, ocean, minecraft:warm_ocean, HYBRID_AQUATIC_CRITTER, hybrid-aquatic:sea_slug, 10, 0, 2
1430, ocean, minecraft:warm_ocean, HYBRID_AQUATIC_CRITTER, hybrid-aquatic:sea_urchin, 10, 0, 2
1431, ocean, minecraft:warm_ocean, HYBRID_AQUATIC_CRITTER, hybrid-aquatic:starfish, 10, 0, 2
1432, nether, minecraft:warped_forest, MONSTER, endermanoverhaul:warped_forest_enderman, 10, 4, 4
1433, nether, minecraft:warped_forest, MONSTER, minecraft:zombified_piglin, 10, 1, 4
1434, nether, minecraft:warped_forest, MONSTER, minecraft:ghast, 7, 4, 4
1435, nether, minecraft:warped_forest, CREATURE, minecraft:strider, 60, 1, 2
1436, private, minecraft:windswept_forest, MONSTER, minecraft:spider, 80, 4, 4
1437, private, minecraft:windswept_forest, MONSTER, minecraft:zombie, 80, 4, 4
1438, private, minecraft:windswept_forest, MONSTER, minecraft:zombie_villager, 10, 1, 1
1439, private, minecraft:windswept_forest, MONSTER, minecraft:skeleton, 80, 4, 4
1440, private, minecraft:windswept_forest, MONSTER, minecraft:slime, 80, 4, 4
1441, private, minecraft:windswept_forest, MONSTER, minecraft:enderman, 10, 1, 4
1442, private, minecraft:windswept_forest, MONSTER, minecraft:witch, 10, 1, 1
1443, private, minecraft:windswept_forest, MONSTER, rottencreatures:undead_miner, 20, 1, 4
1444, private, minecraft:windswept_forest, MONSTER, creeperoverhaul:cave_creeper, 75, 2, 2
1445, private, minecraft:windswept_forest, MONSTER, creeperoverhaul:hills_creeper, 75, 2, 2
1446, private, minecraft:windswept_forest, CREATURE, minecraft:sheep, 12, 4, 4
1447, private, minecraft:windswept_forest, CREATURE, minecraft:pig, 10, 4, 4
1448, private, minecraft:windswept_forest, CREATURE, minecraft:chicken, 10, 4, 4
1449, private, minecraft:windswept_forest, CREATURE, minecraft:cow, 10, 4, 4
1450, private, minecraft:windswept_forest, CREATURE, minecraft:llama, 10, 4, 6
1451, private, minecraft:windswept_forest, CREATURE, naturalist:bluejay, 10, 1, 4
1452, private, minecraft:windswept_forest, CREATURE, naturalist:canary, 10, 1, 4
1453, private, minecraft:windswept_forest, CREATURE, naturalist:snail, 10, 1, 3
1454, private, minecraft:windswept_forest, AMBIENT, minecraft:bat, 10, 8, 8
1455, private, minecraft:windswept_forest, UNDERGROUND_WATER_CREATURE, minecraft:glow_squid, 10, 4, 6
1456, private, minecraft:windswept_gravelly_hills, MONSTER, minecraft:spider, 80, 4, 4
1457, private, minecraft:windswept_gravelly_hills, MONSTER, minecraft:zombie, 80, 4, 4
1458, private, minecraft:windswept_gravelly_hills, MONSTER, minecraft:zombie_villager, 10, 1, 1
1459, private, minecraft:windswept_gravelly_hills, MONSTER, minecraft:skeleton, 80, 4, 4
1460, private, minecraft:windswept_gravelly_hills, MONSTER, minecraft:slime, 80, 4, 4
1461, private, minecraft:windswept_gravelly_hills, MONSTER, minecraft:enderman, 10, 1, 4
1462, private, minecraft:windswept_gravelly_hills, MONSTER, minecraft:witch, 10, 1, 1
1463, private, minecraft:windswept_gravelly_hills, MONSTER, rottencreatures:undead_miner, 20, 1, 4
1464, private, minecraft:windswept_gravelly_hills, MONSTER, creeperoverhaul:cave_creeper, 75, 2, 2
1465, private, minecraft:windswept_gravelly_hills, MONSTER, creeperoverhaul:hills_creeper, 75, 2, 2
1466, private, minecraft:windswept_gravelly_hills, CREATURE, minecraft:sheep, 12, 4, 4
1467, private, minecraft:windswept_gravelly_hills, CREATURE, minecraft:pig, 10, 4, 4
1468, private, minecraft:windswept_gravelly_hills, CREATURE, minecraft:chicken, 10, 4, 4
1469, private, minecraft:windswept_gravelly_hills, CREATURE, minecraft:cow, 10, 4, 4
1470, private, minecraft:windswept_gravelly_hills, CREATURE, minecraft:llama, 10, 4, 6
1471, private, minecraft:windswept_gravelly_hills, CREATURE, naturalist:bluejay, 10, 1, 4
1472, private, minecraft:windswept_gravelly_hills, CREATURE, naturalist:canary, 10, 1, 4
1473, private, minecraft:windswept_gravelly_hills, CREATURE, naturalist:snail, 10, 1, 3
1474, private, minecraft:windswept_gravelly_hills, AMBIENT, minecraft:bat, 10, 8, 8
1475, private, minecraft:windswept_gravelly_hills, UNDERGROUND_WATER_CREATURE, minecraft:glow_squid, 10, 4, 6
1476, private, minecraft:windswept_hills, MONSTER, minecraft:spider, 80, 4, 4
1477, private, minecraft:windswept_hills, MONSTER, minecraft:zombie, 80, 4, 4
1478, private, minecraft:windswept_hills, MONSTER, minecraft:zombie_villager, 10, 1, 1
1479, private, minecraft:windswept_hills, MONSTER, minecraft:skeleton, 80, 4, 4
1480, private, minecraft:windswept_hills, MONSTER, minecraft:slime, 80, 4, 4
1481, private, minecraft:windswept_hills, MONSTER, minecraft:witch, 10, 1, 1
1482, private, minecraft:windswept_hills, MONSTER, rottencreatures:undead_miner, 20, 1, 4
1483, private, minecraft:windswept_hills, MONSTER, creeperoverhaul:cave_creeper, 75, 2, 2
1484, private, minecraft:windswept_hills, MONSTER, endermanoverhaul:cave_enderman, 10, 1, 2
1485, private, minecraft:windswept_hills, MONSTER, creeperoverhaul:hills_creeper, 75, 2, 2
1486, private, minecraft:windswept_hills, MONSTER, endermanoverhaul:windswept_hills_enderman, 10, 1, 4
1487, private, minecraft:windswept_hills, CREATURE, minecraft:sheep, 12, 4, 4
1488, private, minecraft:windswept_hills, CREATURE, minecraft:pig, 10, 4, 4
1489, private, minecraft:windswept_hills, CREATURE, minecraft:chicken, 10, 4, 4
1490, private, minecraft:windswept_hills, CREATURE, minecraft:cow, 10, 4, 4
1491, private, minecraft:windswept_hills, CREATURE, minecraft:llama, 10, 4, 6
1492, private, minecraft:windswept_hills, CREATURE, naturalist:bluejay, 10, 1, 4
1493, private, minecraft:windswept_hills, CREATURE, naturalist:canary, 10, 1, 4
1494, private, minecraft:windswept_hills, CREATURE, naturalist:snail, 10, 1, 3
1495, private, minecraft:windswept_hills, AMBIENT, minecraft:bat, 10, 8, 8
1496, private, minecraft:windswept_hills, UNDERGROUND_WATER_CREATURE, minecraft:glow_squid, 10, 4, 6
1497, private, minecraft:windswept_savanna, MONSTER, minecraft:spider, 80, 4, 4
1498, private, minecraft:windswept_savanna, MONSTER, minecraft:zombie, 80, 4, 4
1499, private, minecraft:windswept_savanna, MONSTER, minecraft:zombie_villager, 10, 1, 1
1500, private, minecraft:windswept_savanna, MONSTER, minecraft:skeleton, 80, 4, 4
1501, private, minecraft:windswept_savanna, MONSTER, minecraft:slime, 80, 4, 4
1502, private, minecraft:windswept_savanna, MONSTER, minecraft:witch, 10, 1, 1
1503, private, minecraft:windswept_savanna, MONSTER, rottencreatures:undead_miner, 20, 1, 4
1504, private, minecraft:windswept_savanna, MONSTER, creeperoverhaul:cave_creeper, 75, 2, 2
1505, private, minecraft:windswept_savanna, MONSTER, endermanoverhaul:cave_enderman, 10, 1, 2
1506, private, minecraft:windswept_savanna, MONSTER, endermanoverhaul:savanna_enderman, 10, 1, 4
1507, private, minecraft:windswept_savanna, MONSTER, creeperoverhaul:savannah_creeper, 75, 2, 2
1508, private, minecraft:windswept_savanna, CREATURE, minecraft:sheep, 12, 4, 4
1509, private, minecraft:windswept_savanna, CREATURE, minecraft:pig, 10, 4, 4
1510, private, minecraft:windswept_savanna, CREATURE, minecraft:chicken, 10, 4, 4
1511, private, minecraft:windswept_savanna, CREATURE, minecraft:cow, 10, 4, 4
1512, private, minecraft:windswept_savanna, CREATURE, minecraft:horse, 10, 2, 6
1513, private, minecraft:windswept_savanna, CREATURE, minecraft:donkey, 10, 1, 1
1514, private, minecraft:windswept_savanna, CREATURE, naturalist:boar, 15, 4, 4
1515, private, minecraft:windswept_savanna, CREATURE, naturalist:cardinal, 10, 1, 4
1516, private, minecraft:windswept_savanna, CREATURE, naturalist:elephant, 10, 2, 3
1517, private, minecraft:windswept_savanna, CREATURE, naturalist:finch, 10, 1, 4
1518, private, minecraft:windswept_savanna, CREATURE, naturalist:giraffe, 10, 2, 4
1519, private, minecraft:windswept_savanna, CREATURE, naturalist:hippo, 15, 3, 4
1520, private, minecraft:windswept_savanna, CREATURE, naturalist:lion, 10, 3, 5
1521, private, minecraft:windswept_savanna, CREATURE, naturalist:lizard, 15, 1, 2
1522, private, minecraft:windswept_savanna, CREATURE, naturalist:rattlesnake, 10, 1, 1
1523, private, minecraft:windswept_savanna, CREATURE, naturalist:rhino, 15, 1, 3
1524, private, minecraft:windswept_savanna, CREATURE, naturalist:snail, 10, 1, 3
1525, private, minecraft:windswept_savanna, CREATURE, naturalist:vulture, 15, 2, 4
1526, private, minecraft:windswept_savanna, CREATURE, naturalist:zebra, 10, 2, 3
1527, private, minecraft:windswept_savanna, AMBIENT, minecraft:bat, 10, 8, 8
1528, private, minecraft:windswept_savanna, UNDERGROUND_WATER_CREATURE, minecraft:glow_squid, 10, 4, 6
1529, badlands, minecraft:wooded_badlands, MONSTER, minecraft:spider, 80, 4, 4
1530, badlands, minecraft:wooded_badlands, MONSTER, minecraft:zombie, 80, 4, 4
1531, badlands, minecraft:wooded_badlands, MONSTER, minecraft:zombie_villager, 10, 1, 1
1532, badlands, minecraft:wooded_badlands, MONSTER, minecraft:skeleton, 80, 4, 4
1533, badlands, minecraft:wooded_badlands, MONSTER, minecraft:slime, 80, 4, 4
1534, badlands, minecraft:wooded_badlands, MONSTER, minecraft:witch, 10, 1, 1
1535, badlands, minecraft:wooded_badlands, MONSTER, creeperoverhaul:badlands_creeper, 75, 2, 2
1536, badlands, minecraft:wooded_badlands, MONSTER, endermanoverhaul:badlands_enderman, 10, 1, 4
1537, badlands, minecraft:wooded_badlands, MONSTER, rottencreatures:undead_miner, 20, 1, 4
1538, badlands, minecraft:wooded_badlands, MONSTER, creeperoverhaul:cave_creeper, 75, 2, 2
1539, badlands, minecraft:wooded_badlands, MONSTER, endermanoverhaul:cave_enderman, 10, 1, 2
1540, badlands, minecraft:wooded_badlands, CREATURE, naturalist:rattlesnake, 10, 1, 1
1541, badlands, minecraft:wooded_badlands, CREATURE, naturalist:vulture, 15, 2, 4
1542, badlands, minecraft:wooded_badlands, AMBIENT, minecraft:bat, 10, 8, 8
1543, badlands, minecraft:wooded_badlands, UNDERGROUND_WATER_CREATURE, minecraft:glow_squid, 10, 4, 6
1544, badlands, minecraft:wooded_badlands, HYBRID_AQUATIC_RIVER_FISH, hybrid-aquatic:pupfish, 10, 0, 1
